【备注一】通用评估标准 ：未拆标、靓板、无水泡、无进水；折痕轻微水泡扣50，反常发黑水泡扣50。连体坏、进水、已拆标当损坏机处理。,,,,,,,,,
【备注二】功能机/老款标准 ：未拆标且成色好；能正常开机进系统测试，支架不流水、不脱胶割裂；如触摸坏当外壳坏，断线无背光当损坏，连体坏当损坏。,,,,,,,,,
【备注三】比例要求 ：要求正常通话比例。若比例不正常或指定单抽买板，按外单价格或另议。,,,,,,,,,
 国产屏/ 深板整机说明 ：末尾“点数系列”多为老款机型，后两列分别对应不开机与国产屏/整机回收价；其他机型第六列统一为“深板·整机”。 ,,,,,,,,,
================================================================================,,,,,,,,,
 系列,序号,型号,开机靓好,开机屏好碎壳,开机屏坏/外碎,开机屏坏,不开机,深板·整机/国产,备注
Find系列,1,Find X9 Ultra 5G,2400,2000,1500,1000,450,450,
Find系列,2,Find X9s Pro,2200,1700,1300,1000,250,250,
Find系列,3,Find X9 Pro,1800,1300,1100,900,250,250,
Find系列,4,Find X9,1800,1200,1000,800,250,250,
Find系列,5,Find X8 Ultra 卫星通信版 5G,1100,900,750,600,150,150,
Find系列,6,Find X8 Ultra,900,800,700,550,150,150,
Find系列,1,FindX8s,900,700,500,450,150,150,
Find系列,2,Find X8+,900,700,500,450,150,150,
Find系列,3,FindX8pro,1100,1000,800,600,170,150,镜头环扣350
Find系列,4,Findx8,1000,800,600,500,170,150,镜头环扣350
Find系列,5,Find X7 Ultra,650,530,350,350,150,150,镜头环扣200
Find系列,6,Find X7,500,430,300,300,150,150,镜头环扣200
Find系列,1,Find X6 Pro,350,260,260,260,150,150,镜头环扣150
Find系列,2,Find X6,300,240,240,240,150,150,镜头环扣150
Find系列,3,Find X 5Pro,200,200,200,200,200,200,
Find系列,4,Find X 5,200,200,200,200,200,200,
Find系列,5,Find X 3Pro 摄影师版,170,170,170,170,170,170,详见备注一
Find系列,6,Find X 3Pro,170,170,170,170,170,170,详见备注一
Find系列,1,Find X 3,170,170,170,170,170,170,详见备注一
Find系列,2,Find X 2pro,170,170,170,170,170,170,详见备注一
Find系列,3,Find X 2,150,150,150,150,150,150,详见备注一
Find系列,4,find n3 flip,900,800,150,150,150,150,要求小屏好，前盖好
Find系列,5,Find N5,3500,1700,800,500,200,150,要求小屏好
Find系列,6,Find N 6,4200,2200,1000,650,200,200,
Find系列,1,Find N3,900,800,150,150,150,150,要求小屏好，前盖好
Find系列,2,Find N2Flip,450,400,150,150,150,150,要求小屏好，前盖好
Find系列,3,Find N2,150,150,150,150,150,150,要求小屏好，前盖好
Find系列,4,Find X移动,120,120,120,120,120,120,无爆水泡做板
Find系列,5,Find X,120,120,120,120,120,120,无爆水泡做板
Find系列,6,Find N,280,150,150,150,150,150,【备注一】：未拆标靓板无水泡/无进水，折痕微水泡扣50，反常发黑水泡扣50。连体坏、进水、拆标当损坏
F系列,1,F11,60,60,60,60,60,60,
F系列,2,F9,60,60,60,60,60,60,
F系列,3,F3,60,60,60,60,60,60,
F系列,4,F1S,42,42,42,42,42,42,
Reno系列,1,Reno16 Pro 5G,2200,1600,1300,1000,200,200,
Reno系列,2,Reno16 5G,1800,1300,1000,800,200,200,
Reno系列,3,Reno15,1300,1000,700,450,200,150,
Reno系列,4,Reno15C,900,600,450,200,150,150,
Reno系列,5,Reno14Pro,1000,900,700,600,180,150,
Reno系列,6,Reno14,900,700,600,550,180,150,
Reno系列,1,reno13Pro,540,450,350,300,150,150,
Reno系列,2,reno13,500,450,350,300,150,150,
Reno系列,3,reno12pro,320,320,320,320,150,150,
Reno系列,4,reno12,320,320,320,320,150,150,
Reno系列,5,reno11pro,280,280,280,280,150,150,
Reno系列,6,Reno11 Pro,280,280,280,280,280,150,
Reno系列,1,Reno10Pro+,240,240,240,240,150,150,
Reno系列,2,Reno10Pro,240,240,240,240,150,150,
Reno系列,3,Reno10,240,240,240,240,240,240,
Reno系列,4,Reno9Pro+,190,190,190,190,150,150,
Reno系列,5,Reno9Pro,190,190,190,190,150,150,
Reno系列,6,Reno9,190,190,190,190,150,150,
Reno系列,1,Reno8Pro+,230,230,230,230,230,230,
Reno系列,2,Reno8Pro,230,230,230,230,230,230,
Reno系列,3,Reno8,180,180,180,180,180,180,
Reno系列,4,Reno7Pro,160,160,160,160,160,160,详见备注一
Reno系列,5,Reno7 SE (8+128),175,175,175,175,175,175,
Reno系列,6,Reno7 SE (8+256),230,230,230,230,230,230,
Reno系列,1,Reno7 (8+128),175,175,175,175,175,175,
Reno系列,2,Reno7 (8+256),230,230,230,230,230,230,
Reno系列,3,Reno7 (12+256),230,230,230,230,230,230,5代的12+256当8+128的算
Reno系列,4,Reno6pro+,160,160,160,160,160,160,详见备注一
Reno系列,5,Reno6pro,160,160,160,160,160,160,详见备注一
Reno系列,6,Reno6 (8+128),175,175,175,175,175,175,
Reno系列,1,Reno6 (12+256),230,230,230,230,230,230,5代的12+256当8+128的算
Reno系列,2,Reno5pro+,140,140,140,140,140,140,详见备注一
Reno系列,3,Reno5pro,140,140,140,140,140,140,详见备注一
Reno系列,4,Reno5k (8+128),175,175,175,175,175,175,
Reno系列,5,Reno5k (12+256),230,230,230,230,230,230,
Reno系列,6,Reno5 (8+128),175,175,175,175,175,175,
Reno系列,1,Reno5 (12+256),230,230,230,230,230,230,
Reno系列,2,Reno4pro(12+256),230,230,230,230,230,230,详见备注一
Reno系列,3,Reno4pro(8+128),175,175,175,175,175,175,
Reno系列,4,Reno4 (8+128),175,175,175,175,175,175,
Reno系列,5,Reno4 (8+256),230,230,230,230,230,230,
Reno系列,6,Reno4 SE (8+128),175,175,175,175,175,175,
Reno系列,1,Reno4 SE (8+256),230,230,230,230,230,230,
Reno系列,2,Reno3pro(12+256),230,230,230,230,230,230,详见备注一
Reno系列,3,Reno3pro(8+128),175,175,175,175,175,175,
Reno系列,4,Reno3,140,140,140,140,140,140,详见备注一
Reno系列,5,Reno3元气,175,175,175,175,175,175,
Reno系列,6,Reno2z,175,175,175,175,175,175,PCKM80
Reno系列,1,Reno2,175,175,175,175,175,175,(PCKM00)三星屏发黄屏幕坏
Reno系列,2,RenoAce2,140,140,140,140,140,140,详见备注一
Reno系列,3,RenoAce,120,120,120,120,120,120,详见备注一
Reno系列,4,RenoZ,175,175,175,175,175,175,PCDM10
Reno系列,5,Reno (8+256),230,230,230,230,230,230,
Reno系列,6,Reno (6+256),175,175,175,175,175,175,
Reno系列,7,Reno (6+128),175,175,175,175,175,175,
Reno系列,8,Reno十倍变焦,80,80,80,80,80,80,详见备注一
Reno系列,9,Reno6 (停用),175,175,175,175,175,175,详见备注一
R系列,1,R17全网高配,175,175,175,175,175,175,(PBEM00)三星屏
R系列,2,R17移动低配,175,175,175,175,175,175,PBET00
R系列,3,R17pro移动,175,175,175,175,175,175,PBDT00
R系列,4,R15高配,195,195,195,195,195,195,(PACM00)三星屏
R系列,5,R17pro,195,195,195,195,195,195,PACT00
R系列,6,R15梦境移动,185,185,185,185,185,185,PAAT00
R系列,1,R15梦境,185,185,185,185,185,185,PAAM00
R系列,2,R15,195,195,195,195,195,195,三星屏
R系列,3,R15x移动,185,185,185,185,185,185,PBCT10
R系列,4,R15x,185,185,185,185,185,185,(PBCM10)三星屏
R系列,5,R11splus,130,130,130,130,130,130,
R系列,6,R11splust,130,130,130,130,130,130,
R系列,1,R11plusk,130,130,130,130,130,130,
R系列,2,R11plust,130,130,130,130,130,130,
R系列,3,R11plus,130,130,130,130,130,130,
R系列,4,R11rust,130,130,130,130,130,130,三星屏
R系列,5,R11st,175,175,175,175,175,175,
R系列,6,R11s,175,175,175,175,175,175,三星屏
R系列,1,R11t,175,175,175,175,175,175,
R系列,2,R11,175,175,175,175,175,175,三星屏
R系列,3,R9sk移动,135,135,135,135,135,135,
R系列,4,R9splus,70,70,70,70,70,70,
R系列,5,R9plus,70,70,70,70,70,70,
R系列,6,R9plus,70,70,70,70,70,70,
R系列,1,R9s移动,135,135,135,135,135,135,
R系列,2,R9s,135,135,135,135,135,135,三星屏
R系列,3,R9,135,135,135,135,135,135,三星屏
R系列,4,R9m,135,135,135,135,135,135,
R系列,5,R9tm,135,135,135,135,135,135,
R系列,6,R9sk,135,135,135,135,135,135,
R系列,1,R9km,135,135,135,135,135,135,
R系列,2,R8107,25,25,25,25,25,25,
R系列,3,R7s plus,120,120,120,120,120,120,
R系列,4,R7,25,25,25,25,25,25,三星屏
R系列,5,R7s,65,65,65,65,65,65,三星屏
R系列,6,R7sm,65,65,65,65,65,65,
R系列,7,R7plusm,70,70,70,70,70,70,
R系列,8,R7plus,45,45,45,45,45,45,三星屏
A系列,1,A97,230,230,230,230,230,230,
A系列,2,A96,230,230,230,230,230,230,没有屏幕扣10元
A系列,3,A95,230,230,230,230,230,230,【备注一】：未拆标/靓板无水泡/无进水，折痕微水泡扣50，反常发黑水泡扣50。连体坏、进水、拆标当损坏；没有屏幕扣10元
A系列,4,A93S,230,230,230,230,230,230,主板架构第三位是3的为128g
A系列,5,A93,230,230,230,230,230,230,主板架构第三位是3的为128g
A系列,6,A92s,175,175,175,175,175,175,详见备注一
A系列,1,A91,175,175,175,175,175,175,PCPM00
A系列,2,A83移动,85,85,85,85,85,85,详见备注一
A系列,3,A83,85,85,85,85,85,85,详见备注一
A系列,4,A79k移动,140,140,140,140,140,140,
A系列,5,A79k,140,140,140,140,140,140,
A系列,6,A79移动,140,140,140,140,140,140,
A系列,1,A79,140,140,140,140,140,140,三星屏
A系列,2,A77移动,70,70,70,70,70,70,三星屏
A系列,3,A77,70,70,70,70,70,70,详见备注一
A系列,4,A73,100,100,100,100,100,100,详见备注一
A系列,5,A73t,100,100,100,100,100,100,详见备注一
A系列,6,A6,400,350,350,350,150,150,
A系列,1,A6s,500,400,400,400,200,200,
A系列,2,A6c,240,200,200,200,150,150,
A系列,3,A6i+,450,420,420,420,150,150,
A系列,4,A6s Pro,600,450,450,450,150,150,
A系列,5,A72,190,190,190,190,190,190,第一排第二个摄像头大小区别a53
A系列,6,A6 Max,450,370,370,370,150,150,
A系列,1,A6v,450,370,370,370,150,150,
A系列,2,A6k,450,370,370,370,150,150,
A系列,3,A5x,280,240,240,240,100,100,
A系列,4,A5 5g,280,240,240,240,170,170,
A系列,5,A5活力,280,280,280,280,150,150,
A系列,6,A59s,70,70,70,70,70,70,【备注二】：未拆标靓好；开机进功能，支架不流水，不割裂，触摸坏当爆壳坏，断线无背光当损坏，连体坏当损坏
A系列,1,A59m,70,70,70,70,70,70,
A系列,2,A59,70,70,70,70,70,70,详见备注二
A系列,3,A58x,100,100,100,100,100,100,a58x没有压伤
A系列,4,A58,180,180,180,180,180,180,
A系列,5,A57F,20,20,20,20,20,20,
A系列,6,A57新款,190,190,190,190,190,190,详见备注二
A系列,1,A57,60,60,60,60,60,60,详见备注二
A系列,2,A56,180,180,180,180,180,180,【备注一】：无拆标靓板无水泡/无进水折痕微水泡扣好，前摄像头坏、进水、拆标当损坏
A系列,3,A56s,180,180,180,180,180,180,
A系列,4,A55s,180,180,180,180,180,180,
A系列,5,A55,180,180,180,180,180,180,详见备注一
A系列,6,A54s(外单),75,75,75,75,75,75,
A系列,1,A53新款,180,180,180,180,180,180,摄像头小是A53，大的变A72
A系列,2,A52,175,175,175,175,175,175,详见备注一
A系列,3,A37m,35,35,35,35,35,35,
A系列,4,A37,35,35,35,35,35,35,
A系列,5,A37F,15,15,15,15,15,15,
A系列,6,A36,175,175,175,175,175,175,
A系列,1,A35,175,175,175,175,175,175,
A系列,2,A33m,30,30,30,30,30,30,触摸大卡，丰顺烫金边当外单
A系列,3,A33,30,30,30,30,30,30,触摸大卡，丰顺烫金边当外单
A系列,4,A32,175,175,175,175,175,175,
A系列,5,A30,10,10,10,10,8,8,
A系列,6,a17,110,110,110,110,85,85,
A系列,1,A11(4+128/8+128/6+128),175,175,175,175,175,175,(PCHM10)
A系列,2,A11(6+256),175,175,175,175,175,175,
A系列,3,A11(4+64),80,80,80,80,80,80,
A系列,4,A11x,175,175,175,175,175,175,(PCHM30)
A系列,5,A11s,105,105,105,105,105,105,
A系列,6,A9x,195,195,195,195,195,195,(PCEM/T00)
A系列,1,A1,195,195,195,195,195,195,(PCAM/T10)
A系列,2,A9 2020,70,70,60,60,60,60,
A系列,3,A8,195,195,195,195,195,195,
A系列,4,A7x,195,195,195,195,195,195,(PBBMOO)开机循环重启开标、进水当损坏，不开机通点要求9成开机
A系列,5,A7x移动,195,195,195,195,195,195,(PBBT00)开机循环重启开标、进水当损坏，不开机通点要求9成开机
A系列,6,A7移动,125,125,125,125,125,125,(PBFT00)开机循环重启开标、进水当损坏，不开机通点要求9成开机
A系列,1,A7,125,125,125,125,125,125,(PBFT00)开机循环重启开标、进水当损坏，不开机通点要求9成开机
A系列,2,A5S,45,45,45,45,45,45,
A系列,3,a5pro,300,260,260,260,100,100,
A系列,4,A5高配,120,120,120,120,120,120,要求正常比例(通话)比例不正常的，或者单独买的另外算外价格
A系列,5,A5低配,100,100,100,100,100,100,要求正常比例(通话)比例不正常的，或者单独买的另外算外价格
A系列,6,A5 2020,70,70,65,65,65,65,
A系列,1,a31,300,260,260,260,100,100,
A系列,2,a31 Plus,300,260,260,260,100,100,
A系列,3,a3pro,370,370,370,370,100,100,
A系列,4,A3活力版,260,260,260,260,100,100,
A系列,5,A3新款,240,240,240,240,100,100,
A系列,6,A3x,300,300,300,300,150,150,
A系列,1,A3S,45,45,45,45,45,45,
A系列,2,A3,195,195,195,195,195,195,备注三：要求正常比例(通话)比例不正常的，或者单独买的另外算外价格
A系列,3,a2pro,300,260,260,260,100,100,
A系列,4,A2,360,360,360,360,100,100,
A系列,5,a2x,180,180,180,180,100,100,
A系列,6,a11,220,180,180,180,100,100,
A系列,1,A1s,200,200,200,200,100,100,
A系列,2,a2m,180,180,180,180,180,180,
A系列,3,A1PRO,230,230,230,230,230,230,
A系列,4,a1活力版,230,180,180,180,100,100,
A系列,5,a1 5g,230,230,230,230,230,230,
A系列,6,A1x,200,180,180,180,100,100,
A系列,7,A1移动,85,85,85,85,85,85,备注三：要求正常比例(通话)比例不正常的，或者单独买的另外算外价格
A系列,8,A1,85,85,85,85,85,85,备注三：要求正常比例(通话)比例不正常的，或者单独买的另外算外价格
K系列,1,K15 Pro,1300,1200,900,800,150,150,
K系列,2,k15 pro+,1800,1300,1100,800,150,150,
K系列,3,K13 Turbo Pro,300,300,300,300,100,100,
K系列,4,K13 Turbo 5G,300,300,300,300,100,100,
K系列,5,k13x,195,195,195,195,150,150,
K系列,6,k13s,195,195,195,195,170,170,
K系列,1,K12x,195,195,195,195,150,150,
K系列,2,k12plus,195,195,195,195,150,150,
K系列,3,k12s,195,195,195,195,150,150,
K系列,4,K12,195,195,195,195,150,150,
K系列,5,K11x,195,195,195,195,150,150,
K系列,6,K11,210,210,210,210,150,150,
K系列,1,K10 PRO,175,175,175,175,175,175,
K系列,2,K10X,180,180,180,180,180,180,
K系列,3,K10活力版,230,230,230,230,230,230,
K系列,4,K10,230,230,230,230,140,140,
K系列,5,K9Pro,140,140,140,140,140,140,详见备注一
K系列,6,K9x(6+128),175,175,175,175,175,175,
K系列,1,K9X(8+128),175,175,175,175,175,175,
K系列,2,K9X(8+256),230,230,230,230,230,230,
K系列,3,K9s,175,175,175,175,175,175,【备注一】：未拆标靓板无水泡/无进水，折痕微水泡扣50，反常发黑水泡扣50。连体坏、进水、拆标当损坏
K系列,4,K9(8+128),175,175,175,175,175,175,
K系列,5,K9(8+256),230,230,230,230,230,230,
K系列,6,k7x,175,175,175,175,175,175,详见备注一
K系列,1,K7,175,175,175,175,175,175,三星屏
K系列,2,K5(6+128),175,175,175,175,175,175,
K系列,3,K5(8+128),175,175,175,175,175,175,
K系列,4,K5(8+256),230,230,230,230,230,230,
K系列,5,K3高配,230,230,230,230,230,230,
K系列,6,K3中配,175,175,175,175,175,175,
K系列,7,K3低配,120,120,120,120,120,120,(PCGM00)三星屏
K系列,8,K1,130,130,130,130,130,130,(PBCM/T30)三星屏
点数系列,1,X9007,32,32,32,32,32,32,四成看屏好
点数系列,2,X909,32,32,32,32,32,32,
点数系列,3,X907,10,10,5,5,5,5,三星屏
点数系列,1,R833,10,10,10,10,10,/,
点数系列,2,R831T,10,10,10,10,10,/,
点数系列,3,R831S,10,10,10,10,10,/,
点数系列,4,R830s,10,10,10,10,10,/,
点数系列,5,R830,10,10,10,10,10,/,
点数系列,6,R829T,18,18,18,18,18,/,四成看屏好
点数系列,1,R8207,20,20,20,20,20,/,五成看屏好
点数系列,2,R8007,15,15,15,15,15,/,
点数系列,3,R827T,10,10,10,10,10,/,
点数系列,4,R819,10,10,10,10,10,/,
点数系列,5,R815T,10,10,10,10,10,/,
点数系列,6,R809,10,10,10,10,10,/,
点数系列,1,R7007,15,15,15,15,15,/,
点数系列,2,R7005,25,25,25,25,25,/,
点数系列,3,R6607,15,15,15,15,15,/,
点数系列,4,R3007,10,10,10,10,10,/,
点数系列,5,R6007,15,15,15,15,15,/,
点数系列,6,R3005,10,10,10,10,10,/,
点数系列,1,R2017,10,10,10,10,10,/,
点数系列,2,1107,10,10,10,10,10,/,
点数系列,3,1105,10,10,10,10,10,/,
点数系列,4,1100,10,10,10,10,10,/,
点数系列,5,U707t,10,10,10,10,10,/,
点数系列,6,U705,10,10,10,10,10,/,
点数系列,1,A53m,33,33,33,33,33,/,/
点数系列,2,A53,33,33,33,33,33,/,/
点数系列,3,A51,25,25,25,25,25,/,/
点数系列,4,A51kc,25,25,25,25,25,/,/
点数系列,5,A31c,25,25,25,25,25,/,/
点数系列,6,A31,20,20,20,20,20,/,/
点数系列,1,A31外单,15,15,15,15,15,/,/
点数系列,2,A11(老款),15,15,15,15,15,/,/
点数系列,3,A7n,75,75,75,75,75,/,/
点数系列,4,N3(5200、5207、5209),20,20,20,20,20,/,/
点数系列,5,大N1,20,20,20,20,20,/,/
点数系列,7,大N1,25,25,25,25,/,高尚座板 100,
    【通用评级与折损扣款标准（备注一）】,,,,,,,,,
        合格要求 ：主板未拆标、靓板、无进水痕迹、屏幕/支架无水泡。,,,,,,,,,
        扣款明细 ：,,,,,,,,,
            折痕微水泡：扣50 元；,,,,,,,,,
            反常发黑水泡：扣50 元；,,,,,,,,,
            连体损坏、严重进水、已被拆过标贴：一律直接 按损坏机/深板 处理；,,,,,,,,,
            A95/A96 等机型若 无屏幕 ：直接扣除10 元。 ,,,,,,,,,
    【功能机/老款机标准（备注二）】,,,,,,,,,
        要求未拆标且开机可进功能测试界面；,,,,,,,,,
        支架不流水、不脱胶割裂；,,,,,,,,,
        若触摸损坏按“爆壳坏”结算；断线、无背光、连体损坏均直接按“损坏”结算。 ,,,,,,,,,
    【通话比例与配置规则（备注三）】,,,,,,,,,
        必须符合正常的通话/全网通比例；,,,,,,,,,
        比例异常或指定单挑某类特定主板的，需另按“外单价格”另行结算；,,,,,,,,,
        A93/A93S 系列：主板架构编码第三位是 3 的判定为128G 配置。 ,,,,,,,,,
    【国产屏与点数机说明】,,,,,,,,,
        倒数几张点数机型表格中，后两列“不开机”与“国产/整机”价格不同，如标有 / 则代表不收或按极低配件统收；高尚座板整机回收价单独标定为100 元。 ,,,,,,,,,
