系列,序号,型号,开机靓好,开机屏好碎壳,开机屏坏/外碎,开机屏坏,不开机,深板·整机,备注
X Fold系列,1,x fold5,1100,900,500,350,150,150,"要求外小屏好，折痕大扣1500，前盖好"
X Fold系列,2,x fold3pro,400,150,150,150,150,150,"要求小屏好，前盖好"
X Fold系列,3,x fold3,400,150,150,150,150,150,"要求小屏好，前盖好"
X Fold系列,4,X Fold2,260,150,150,150,150,150,"要求小屏好，靓好"
X Fold系列,5,X Fold+,200,150,150,150,150,150,
X Fold系列,6,X Fold,180,150,150,150,150,150,
X/Note系列,1,X Note,150,150,150,150,150,150,
X/Flip系列,2,X flip,200,150,150,150,150,150,"要求小屏好，靓好"
X旗舰系列,3,x300s,1600,1200,1200,1000,300,300,
X旗舰系列,4,x300 Pro,2000,1300,1300,1200,300,300,
X旗舰系列,5,x300,1600,1200,1200,1000,300,300,
X旗舰系列,6,x200ultra,1200,1100,1000,900,150,150,
X旗舰系列,1,x200pro,1100,1000,800,600,150,150,镜头环扣300
X旗舰系列,2,x200pro mini(耳屏),1200,1100,1000,800,150,150,镜头环扣300
X旗舰系列,3,x200,1100,900,900,600,150,150,镜头环扣300
X旗舰系列,4,X200s,1200,1000,1000,800,150,150,
X旗舰系列,5,x100Ultra,1100,1000,900,750,150,150,
X旗舰系列,6,x100s,1000,800,550,550,150,150,
X旗舰系列,1,X100pro,1000,900,700,700,150,150,
X旗舰系列,2,x100,800,650,500,500,150,150,"慢生坏，机芯无进水无磕碰【备注一】无进水不开机要求电好，碰死，碎压扣300"
X旗舰系列,3,x90 pro,200,200,200,200,200,200,
X旗舰系列,4,X90S,200,200,200,200,200,200,
X旗舰系列,5,X90,200,200,200,200,200,200,
X旗舰系列,6,X80 Pro,200,200,200,200,200,200,
X旗舰系列,1,X80,200,200,200,200,200,200,
X旗舰系列,2,x70pro+,210,210,210,210,210,210,"【备注一】未拆标靓板无水泡/无进水折痕微水泡扣50，反常发黑水泡扣50。连体坏、进水、拆标当损坏"
X旗舰系列,3,x70pro,210,210,210,210,210,210,详见备注一
X旗舰系列,4,x70t,175,175,175,175,175,175,详见备注一
X旗舰系列,5,x70,175,175,175,175,175,175,详见备注一
X旗舰系列,6,x60曲屏,150,150,150,150,150,150,
X旗舰系列,1,x60pro+,150,150,150,150,150,150,详见备注一
X旗舰系列,2,x60pro,150,150,150,150,150,150,
X旗舰系列,3,x60t pro,150,150,150,150,150,150,详见备注一
X旗舰系列,4,x60t,150,150,150,150,150,150,详见备注一
X旗舰系列,5,x60,150,150,150,150,150,150,
X旗舰系列,6,x50pro+,150,150,150,150,150,150,详见备注一
X旗舰系列,7,x50pro,150,150,150,150,150,150,
X系列,1,X50 (8+128),175,175,175,175,175,175,
X系列,2,X50 (8+256),230,230,230,230,230,230,
X系列,3,X30 pro (8+128),175,175,175,175,175,175,
X系列,4,X30Pro (8+256),230,230,230,230,230,230,
X系列,5,X30 (8+128),175,175,175,175,175,175,
X系列,6,X30 (8+256),230,230,230,230,230,230,
X系列,1,x27pro,230,230,230,230,230,230,三星屏
X系列,2,x27(8+256),230,230,230,230,230,230,要配对后置
X系列,3,x27(8+128),175,175,175,175,175,175,x27未配对定试
X系列,4,X23,175,175,175,175,175,175,三星屏
X系列,5,X23a,175,175,175,175,175,175,三星屏
X系列,6,X23幻彩版,185,185,185,185,185,185,要求骨架后壳
X系列,1,X21,185,185,185,185,185,185,"三星屏，中框与后盖好"
X系列,2,X21a,185,185,185,185,185,185,中框拧完扣钱
X系列,3,X21a ud,185,185,185,185,185,185,"三星屏，宁框完扣钱"
X系列,4,X21i (低配),80,80,80,80,80,80,三星屏
X系列,5,X21i (高配),180,180,180,180,180,180,
X系列,6,X21i A (低配),80,80,80,80,80,80,三星屏
X系列,1,X21i a (高配),180,180,180,180,180,180,
X系列,2,X21s,185,185,185,185,185,185,三星屏
X系列,3,X21ud,185,185,185,185,185,185,"三星屏，中框要好"
X系列,4,X20,175,175,175,175,175,175,"要求屏幕原装机，三星屏"
X系列,5,X20a,175,175,175,175,175,175,"要求屏幕原装机，三星屏"
X系列,6,X20plus,130,130,130,130,130,130,三星屏
X系列,1,X20plus a ud,130,130,130,130,130,130,三星屏
X系列,2,x20plus ud,130,130,130,130,130,130,三星屏
X系列,3,X9,135,135,135,135,135,135,三星屏
X系列,4,x9 plus ta,70,70,70,70,70,70,
X系列,5,x9i,135,135,135,135,135,135,
X系列,6,x9l,135,135,135,135,135,135,三星屏
X系列,1,X9Plus,70,70,70,70,70,70,
X系列,2,X9Plus l,70,70,70,70,70,70,
X系列,3,X9s,70,70,70,70,70,70,三星屏
X系列,4,X9s plus a,70,70,70,70,70,70,三星屏
X系列,5,X9s plus,70,70,70,70,70,70,三星屏
X系列,6,X9splus l,70,70,70,70,70,70,三星屏
X经典系列,1,X7,70,70,70,70,70,70,三星屏
X经典系列,2,X7plus,70,70,70,70,70,70,三星屏
X经典系列,3,X6 plus,120,120,120,120,120,120,三星屏
X经典系列,4,X6a,65,65,65,65,65,65,
X经典系列,5,X6d,65,65,65,65,65,65,三星屏
X经典系列,6,X6l,65,65,65,65,65,65,
X经典系列,1,X6s plus,70,70,70,70,70,70,三星屏
X经典系列,2,X6sa,70,70,70,70,70,70,
X经典系列,3,X5Max,25,25,25,25,25,25,三星屏
X经典系列,4,X5pro,25,25,25,25,25,25,三星屏
X经典系列,5,Xplay6a,70,70,70,70,70,70,三星屏
X经典系列,6,Xplay5a,70,70,70,70,70,70,三星屏
iQOO系列,1,iqoo15,1400,900,900,800,200,200,
iQOO系列,2,iqoo15 ultra,1500,1100,1000,900,200,200,
iQOO系列,3,iqoo13,1000,800,600,450,200,200,
iQOO系列,4,iqoo 12pro,700,600,500,400,200,200,
iQOO系列,5,iqoo 12,650,500,450,350,200,200,
iQOO系列,6,iqoo 11Pro,240,220,220,220,200,200,
iQOO系列,1,IQOO 11S,220,220,220,220,220,220,
iQOO系列,2,iqoo 11,220,220,220,220,220,220,
iQOO系列,3,iqoo 10pro,220,220,220,220,220,220,
iQOO系列,4,IQOO 10,220,220,220,220,220,220,没有屏幕扣100
iQOO系列,5,iqoo 9pro,220,220,220,220,220,220,"【备注一】未拆标靓板无水泡/无进水折痕微水泡扣50，反常发黑水泡扣50。连体坏、进水、拆标当损坏"
iQOO系列,6,iqoo 9,220,220,220,220,220,220,没有屏幕扣100
iQOO系列,1,IQOO 8Pro,220,220,220,220,220,220,详见备注一
iQOO系列,2,IQOO 8,220,220,220,220,220,220,详见备注一
iQOO系列,3,iqoo 7(8+128),220,220,220,220,220,220,"三星屏硬屏，扣50元"
iQOO系列,4,iqoo 7(12+256),220,220,220,220,220,220,"见三星屏硬屏，扣50元"
iQOO系列,5,IQOO 5Pro,220,220,220,220,220,220,详见备注一
iQOO系列,6,iqoo 5,170,170,170,170,170,170,详见备注一
iQOO经典,1,iqoo 3 5G,170,170,170,170,170,170,三星屏
iQOO经典,2,IQOO 3 4G,170,170,170,170,170,170,三星屏
iQOO经典,3,IQOO,120,120,120,120,120,120,三星屏
iQOO经典,4,IQOO Pro,120,120,120,120,120,120,三星屏
iQOO经典,5,IQOO Pro 5G,120,120,120,120,120,120,三星屏
iQOO经典,6,IQOO Pro 4G,120,120,120,120,120,120,三星屏
iQOO Neo系列,1,iqoo Neo11至尊版 5G,1,1,1,1,1,1,
iQOO Neo系列,2,iqoo neo10 pro,550,400,400,400,150,150,
iQOO Neo系列,3,iqoo neo10,700,650,450,400,150,150,
iQOO Neo系列,4,iqoo Neo 10 Pro+,700,650,450,400,150,150,
iQOO Neo系列,5,iqoo neo9spro,350,300,300,300,100,100,
iQOO Neo系列,6,iqoo neo9pro,350,300,300,300,100,100,
iQOO Neo系列,1,iqoo neo9 pro+,350,300,300,300,100,100,
iQOO Neo系列,2,iqoo neo9,350,300,300,300,150,150,
iQOO Neo系列,3,IQOO NEO8 Pro,230,230,230,230,150,150,
iQOO Neo系列,4,IQOO NEO8,230,230,230,230,150,150,
iQOO Neo系列,5,IQOO NEO7,200,200,200,200,150,150,
iQOO Neo系列,6,IQOO NEO7 Pro,200,200,200,200,150,150,
iQOO Neo系列,1,IQOO NEO6 SE,190,190,190,190,150,150,
iQOO Neo系列,2,IQOO NEO6,175,175,175,175,120,120,
iQOO Neo系列,3,IQOO NEO5活力版,220,200,200,200,120,120,详见备注一
iQOO Neo系列,4,IQOO NEO5 SE,175,175,175,175,120,120,详见备注一
iQOO Neo系列,5,IQOO NEO5 S,175,175,175,175,120,120,见三星轻屏扣50元
iQOO Neo系列,6,IQOO NEO5,175,175,175,175,120,120,见三星轻屏扣50元
iQOO Neo系列,7,IQOO NEO3,160,160,160,160,160,140,详见备注一
iQOO Neo系列,8,IQOO NEO,100,100,100,100,100,100,三星屏
iQOO Z系列,1,IQOO Z11 Turbo+,750,550,550,550,150,150,
iQOO Z系列,2,IQOO Z11 x,320,280,280,280,150,150,
iQOO Z系列,3,IQOO Z11 Turbo,750,550,550,550,150,150,
iQOO Z系列,4,iQOO Z10 Turbo+,750,550,550,500,150,150,
iQOO Z系列,5,iQOO Z10 Turbo Pro,600,500,450,400,150,150,
iQOO Z系列,6,iQOO Z10 Turbo,500,450,350,300,150,150,
iQOO Z系列,1,iqoo Z10x,350,300,300,300,100,100,
iQOO Z系列,2,iqooZ9turbo竞速版,200,200,200,200,100,100,
iQOO Z系列,3,iqoo z9turbo+,200,200,200,200,100,100,
iQOO Z系列,4,iqoo z9turbo,200,200,200,200,100,100,
iQOO Z系列,5,iqoo Z9x,200,200,200,200,100,100,
iQOO Z系列,6,iqoo z9,200,200,200,200,100,100,
iQOO Z系列,7,iqoo z8x,240,240,240,240,240,240,
iQOO Z系列,1,IQOO Z8,240,240,240,240,240,240,
iQOO Z系列,2,IQOO Z7x,220,220,220,220,220,190,
iQOO Z系列,3,iqoo z7i,190,190,190,190,190,190,
iQOO Z系列,4,IQOO Z7,220,220,220,220,220,190,
iQOO Z系列,5,IQOO Z6,160,160,160,160,160,160,
iQOO Z系列,6,IQOO Z6x,190,190,190,190,190,190,
iQOO Z系列,1,IQOO Z5x,160,160,160,160,160,160,
iQOO Z系列,2,IQOO Z5,175,175,175,175,175,175,详见备注一
iQOO Z系列,3,IQOO Z3,175,175,175,175,175,175,详见备注一
iQOO Z系列,4,IQOO Z1x,165,165,165,165,165,165,详见备注一
iQOO Z系列,5,IQOO Z1,165,165,165,165,165,165,详见备注一
iQOO U系列,1,IQOO U5E,160,160,160,160,160,160,
iQOO U系列,2,IQOO U5X,150,150,150,150,150,150,
iQOO U系列,3,IQOO U5,160,160,160,160,160,160,详见备注一
iQOO U系列,4,IQOO U3x,160,160,160,160,160,160,保双通去一
iQOO U系列,5,IQOO U3,160,160,160,160,160,160,详见备注一
iQOO U系列,6,IQOO U1x,110,110,110,110,110,110,详见备注一
iQOO U系列,7,IQOO U1,110,110,110,110,110,110,详见备注一
NEX系列,1,NEX3S 5G,100,100,100,100,100,100,
NEX系列,2,NEX3 5G,100,100,100,100,100,100,
NEX系列,3,NEX3 4G,100,100,100,100,100,100,三星屏
NEX系列,4,NEXA,100,100,100,100,100,100,
NEX系列,5,NEX双屏版,100,100,100,100,100,100,三星屏
NEX系列,6,NEX屏幕下指纹,100,100,100,100,100,100,三星屏
NEX系列,7,NEX后置指纹,100,100,100,100,100,100,三星屏
NEX系列,8,NEX,100,100,100,100,100,100,三星屏
Z系列,1,Z6,150,150,150,150,150,150,"【备注一】未拆标靓板无水泡/无进水折痕微水泡扣50，反常发黑水泡扣50。连体坏、进水、拆标当损坏"
Z系列,2,Z5x,170,170,170,170,170,170,
Z系列,3,Z5i,180,180,180,180,180,180,
Z系列,4,Z5,120,120,120,120,120,120,"三星屏，扣口"
Z系列,5,Z3i,195,195,195,195,195,195,"详见备注二要求电好，带后盖好"
Z系列,6,Z3,130,130,130,130,130,130,详见备注二
Z系列,7,Z1青春,130,130,130,130,130,130,详见备注二
Z系列,8,Z1i,130,130,130,130,130,130,详见备注二
Z系列,9,Z1,130,130,130,130,130,130,详见备注二
Y系列,1,Y600 Turbo 5G,550,450,450,450,200,200,
Y系列,2,Y500i,500,400,300,300,150,150,
Y系列,3,Y500Pro,1400,1100,400,400,150,150,
Y系列,4,Y500,320,300,300,300,150,150,
Y系列,5,Y300 Pro+,300,300,300,300,150,150,
Y系列,6,Y300Pro,350,350,350,350,150,150,
Y系列,1,Y300 GT,300,300,300,300,150,150,
Y系列,2,y300,300,300,270,270,150,150,
Y系列,3,Y300t,300,280,280,280,150,150,
Y系列,4,y300i,380,380,380,380,150,150,
Y系列,5,Y200t+,230,230,230,230,230,230,
Y系列,6,y200gt,230,230,230,230,230,230,
Y系列,1,y200i,350,350,350,350,150,150,
Y系列,2,y200t,230,230,230,230,230,230,
Y系列,3,y200,230,230,230,230,230,230,
Y系列,4,y100t,230,230,230,230,230,230,
Y系列,5,y100,330,330,330,330,230,230,
Y系列,6,y100i,230,230,230,230,230,230,
Y系列,1,Y97,195,195,195,195,195,195,要求靓壳开机
Y系列,2,Y97a,195,195,195,195,195,195,要求靓壳开机
Y系列,3,Y93s(4+128),195,195,195,195,195,195,详见备注二
Y系列,4,Y93a(4+64),120,120,120,120,120,120,详见备注二
Y系列,5,Y93(3+64),120,120,120,120,120,120,详见备注二
Y系列,6,Y91,80,80,80,80,80,80,详见备注二
Y系列,1,Y9s,175,175,175,175,175,175,三星屏
Y系列,2,Y85a,130,130,130,130,130,130,详见备注二
Y系列,3,Y85,130,130,130,130,130,130,详见备注二
Y系列,4,Y83a,145,145,145,145,145,145,详见备注二
Y系列,5,Y83,145,145,145,145,145,145,详见备注二
Y系列,6,Y81s,100,100,100,100,100,100,详见备注二
Y系列,1,Y81,100,100,100,100,100,100,详见备注二
Y系列,2,Y79a,125,125,125,125,125,125,详见备注二
Y系列,3,Y79,125,125,125,125,125,125,详见备注二
Y系列,4,y78+,230,230,230,230,230,230,
Y系列,5,y78t,175,175,175,175,175,175,
Y系列,6,y78,230,230,230,230,230,230,
Y系列,1,y77e,230,230,230,230,230,230,
Y系列,2,y77,230,230,230,230,230,230,
Y系列,3,y76s,230,230,230,230,230,230,详见备注二
Y系列,4,y75a,70,70,70,70,70,70,详见备注二
Y系列,5,Y75s 新款,175,175,175,175,175,175,
Y系列,6,Y75s,60,60,60,60,60,60,详见备注二
Y系列,1,Y75,70,70,70,70,70,70,详见备注二
Y系列,2,Y73S (8+128),175,175,175,175,175,175,
Y系列,3,Y73T,175,175,175,175,175,175,
Y系列,4,Y73,55,55,55,55,55,55,详见备注二
Y系列,5,Y73S (8+256),230,230,230,230,230,230,
Y系列,6,Y72T,175,175,175,175,175,175,
Y系列,1,Y71,175,175,175,175,175,175,
Y系列,2,Y71a,75,75,75,75,75,75,详见备注二
Y系列,3,Y71i,75,75,75,75,75,75,详见备注二
Y系列,4,y7s,195,195,195,195,195,195,"三星屏，不带扣口"
Y系列,5,Y70t,175,175,175,175,175,175,"【备注一】未拆标靓板无水泡/无进水折痕微水泡扣50，反常发黑水泡扣50。连体坏、进水、拆标当损坏"
Y系列,6,y70s,175,175,175,175,175,175,详见备注一
Y系列,1,Y60,550,450,450,450,200,150,
Y系列,2,Y6,240,240,240,240,150,150,
Y系列,3,Y69,45,45,45,45,45,45,
Y系列,4,Y67a,70,70,70,70,70,70,
Y系列,5,Y67,70,70,70,70,70,70,
Y系列,6,Y66ia,60,60,60,60,60,60,
Y系列,1,Y66i,60,60,60,60,60,60,
Y系列,2,y66L,60,60,60,60,60,60,
Y系列,3,Y66,60,60,60,60,60,60,
Y系列,4,y55t,105,105,105,105,95,95,
Y系列,5,Y55a,30,30,30,30,30,30,
Y系列,6,Y55s,180,180,180,180,180,180,详见备注一
Y系列,1,Y55,30,30,30,30,30,30,
Y系列,2,Y53t,105,105,105,105,105,105,
Y系列,3,Y53s (8+128),175,175,175,175,175,175,
Y系列,4,Y53s (8+256),230,230,230,230,230,230,
Y系列,5,Y53,30,30,30,30,30,30,
Y系列,6,y52s t1 (8+256),230,230,230,230,230,230,
Y系列,1,Y52S,175,175,175,175,175,175,详见备注一
Y系列,2,Y51s,175,175,175,175,175,175,详见备注一
Y系列,3,Y51A,25,25,25,25,25,25,
Y系列,4,Y51,25,25,25,25,25,25,
Y系列,5,Y50,175,175,175,175,175,175,详见备注一
Y系列,6,y50e,175,175,175,175,175,175,
Y系列,1,Y50 5G,175,175,175,175,175,175,
Y系列,2,Y50m 5G,175,175,175,175,175,175,
Y系列,3,Y37,175,175,175,175,175,175,
Y系列,4,Y50t,175,175,175,175,175,175,详见备注一
Y系列,5,y5s,195,195,195,195,195,195,"【备注二】要求电好，靓壳开机"
Y系列,6,y37Pro,250,250,250,250,150,150,
Y系列,1,y36t,175,175,175,175,175,175,
Y系列,2,y37,175,175,175,175,175,175,
Y系列,3,y37c,175,175,175,175,175,175,
Y系列,4,y37t,175,175,175,175,175,175,
Y系列,5,Y36m,175,175,175,175,175,175,
Y系列,6,Y36c,175,175,175,175,175,175,
Y系列,7,Y36i,175,175,175,175,175,175,
Y系列,8,Y36,175,175,175,175,175,175,
Y系列,1,Y35m+,180,180,180,180,180,180,
Y系列,2,Y35+ (8+128),175,175,175,175,175,175,
Y系列,3,Y35+ (8+256),230,230,230,230,230,230,
Y系列,4,Y35,175,175,175,175,175,175,
Y系列,5,Y35m,175,175,175,175,175,175,
Y系列,1,y33t,90,90,90,90,75,75,
Y系列,2,Y33E,175,175,175,175,175,175,
Y系列,3,Y33s,175,175,175,175,175,175,
Y系列,4,Y32T,170,170,170,170,170,170,
Y系列,5,Y32,170,170,170,170,170,170,详见备注一
Y系列,6,y31s(t1),80,80,80,80,80,80,
Y系列,1,Y31s,175,175,175,175,175,175,详见备注一
Y系列,2,Y30标准版(低配版本),175,175,175,175,175,175,
Y系列,3,Y30双摄,180,180,180,180,180,180,详见备注一
Y系列,4,Y30三摄,175,175,175,175,175,175,详见备注一
Y系列,5,Y3 (4+128),180,180,180,180,180,180,
Y系列,6,Y3 (4+64),180,180,180,180,180,180,
Y系列,1,Y3s,180,180,180,180,180,180,详见备注二
Y系列,2,Y3标准版,120,120,120,120,120,120,要求靓壳开机
Y系列,3,Y11新款,100,100,100,100,100,100,
Y系列,4,Y12 2023,100,100,100,100,100,100,
Y系列,5,Y27新款,100,100,100,100,100,100,
Y系列,6,Y10,180,180,180,180,180,180,
Y系列,7,Y10电信版,180,180,180,180,180,180,
T系列,1,T2X,165,165,165,165,165,165,
T系列,2,T1X,110,110,110,110,110,110,详见备注一
T系列,3,T1,110,110,110,110,110,110,"【备注一】未拆标靓板无水泡/无进水折痕微水泡扣50，反常发黑水泡扣50。连体坏、进水、拆标当损坏"
S系列,1,S60,2000,1800,1300,1000,200,200,
S系列,2,S60元气版 5G,1800,1500,1100,900,200,200,
S系列,3,S50 Pro mini 5G,1700,1500,1300,1000,200,200,
S系列,4,S50t 5G,1300,1100,900,700,200,200,
S系列,5,S30 Pro mini,1100,1000,800,600,200,200,
S系列,6,S30,1000,900,700,550,200,200,
S系列,1,s20pro,600,450,450,450,200,150,
S系列,2,s20,500,450,400,400,200,150,
S系列,3,s19pro,200,200,200,200,200,200,
S系列,4,s19,200,200,200,200,200,200,
S系列,5,s18pro,200,200,200,200,200,200,
S系列,6,S18e,230,230,230,230,230,230,
S系列,1,S18,200,200,200,200,200,200,
S系列,2,S17 pro,160,160,160,160,160,160,"板靓收，无水泡凹壳扣钱"
S系列,3,S17t,160,160,160,160,160,160,
S系列,4,S17E,160,160,160,160,160,160,
S系列,5,S17,200,200,200,200,200,200,
S系列,6,S16Pro,160,160,160,160,160,160,
S系列,1,S16e,175,175,175,175,175,175,
S系列,2,S16,160,160,160,160,160,160,
S系列,3,S15Pro,180,180,180,180,180,180,
S系列,4,S15e,160,160,160,160,160,160,
S系列,5,S15,175,175,175,175,175,175,
S系列,6,S12pro,160,160,160,160,160,160,保双通去一
S系列,1,S12,160,160,160,160,160,160,详见备注一
S系列,2,S10Pro,160,160,160,160,160,160,详见备注一
S系列,3,S10e (8+128),175,175,175,175,175,175,
S系列,4,S10e (8+256),230,230,230,230,230,230,
S系列,5,S10,160,160,160,160,160,160,详见备注一
S系列,6,S9e (8+128),175,175,175,175,175,175,
S系列,1,S9e (8+256),230,230,230,230,230,230,
S系列,2,S9,160,160,160,160,160,160,详见备注一
S系列,3,S7t,175,175,175,175,175,175,详见备注一
S系列,4,S7e 5G (8+128),175,175,175,175,175,175,
S系列,5,S7e 5G (8+256),230,230,230,230,230,230,
S系列,6,S7 (8+128),175,175,175,175,175,175,
S系列,1,S7 (8+256),230,230,230,230,230,230,
S系列,2,S6 (8+128),175,175,175,175,175,175,
S系列,3,S6 (8+256),230,230,230,230,230,230,
S系列,4,S1 (4+128/6+128),175,175,175,175,175,175,详见备注二
S系列,5,S1 (6+256),195,195,195,195,195,195,
S系列,6,S1Pro,195,195,195,195,195,195,三星屏
S系列,7,S9e(停用),175,175,175,175,175,175,详见备注一
U系列,1,U3x,95,95,,95,95,95,"开机靓好、外屏好内屏好、无进水开机进处理，靓壳扣钱结算"
U系列,2,U3,120,120,,120,120,120,
U系列,3,U1,90,90,,90,90,90,详见备注二
点数系列,1,Y928,15,15,,15,15,15,
点数系列,2,Y710,15,15,,15,15,15,
点数系列,3,X628,15,15,,15,15,15,
点数系列,4,X520,15,15,,15,15,15,
点数系列,5,X510,15,15,,15,15,15,
点数系列,6,X5m,20,20,,20,20,20,
点数系列,1,X5l,25,25,,25,25,25,
点数系列,2,927,10,/,10,10,8,
点数系列,3,Y37,25,25,,25,25,25,
点数系列,4,Y35老款,25,25,,25,25,25,
点数系列,5,Y33,15,15,,15,15,15,五成看好
点数系列,6,Y31a,25,25,,25,25,25,
点数系列,1,Y31,25,25,,25,25,25,五成看好
点数系列,2,X3l,25,25,,25,25,25,
点数系列,3,Y29,15,15,,15,15,15,五成看好
点数系列,4,Y28,15,15,,15,15,15,
点数系列,5,Y27,15,15,,15,15,15,
点数系列,6,Y23,15,15,,15,15,15,七成看角好
点数系列,1,Y23l,15,15,,15,15,15,
点数系列,2,Y22l,10,10,,10,10,10,
点数系列,3,Y20,10,10,,10,10,10,六成看好
点数系列,4,Y19,10,10,,10,10,10,
点数系列,5,Y18,10,10,,10,10,10,
点数系列,6,Y17,10,10,,10,10,10,四成看好
点数系列,1,小卡Y15,10,10,,10,10,10,
点数系列,2,大卡Y13,10,10,,10,10,10,
点数系列,3,小卡Y13,10,10,,10,10,10,六成开机看好
点数系列,4,Y11,10,10,,10,10,10,
点数系列,5,V3max,60,60,,60,60,60,五成看好
点数系列,6,V3ma,35,35,,35,35,35,
点数系列,1,X3sw,10,10,,10,10,10,
点数系列,2,V3,35,35,,35,35,35,
点数系列,3,X3t,15,15,,15,15,15,五成看好
点数系列,4,X1,10,10,,10,10,10,
点数系列,5,S7老款,10,10,,10,10,10,
