品牌/系列,序号,机型与规格,网络制式型号,开机靓好,开机好碎,开机碎屏,开机坏配件,不开机,废板·整机,统货,备注
华为Mate系列,1,MATE XT,/,9000,7000,4000,3000,260,150,/,/
华为Mate系列,2,MATE X5,ALT-AL10,3800,3000,1400,1200,230,130,/,/
华为Mate系列,3,MATE X3,ALT-AN00,1400,1100,300,200,130,130,/,/
华为Mate系列,4,MateXs2典藏,TET-AN00,1400,850,450,150,150,110,/,/
华为Mate系列,5,Mate XS 2,TET-AN10,1400,800,400,110,110,110,/,/
华为Mate系列,6,MATE XS 2,PAL-AL00,500,500,160,160,160,160,/,/
华为Mate系列,1,MATE X 5G,TAH-AN00,500,500,120,130,130,110,/,/
华为Mate系列,2,MATE X 5G,TAH-AN00m,400,400,110,110,110,110,/,/
华为Mate系列,3,novafliip,PSD-AL00,900,800,260,200,90,90,/,/
华为Mate系列,4,荣耀Magic V3,FCP-AN10,1800,1500,183,180,180,180,/,/
华为Mate系列,5,荣耀Magic vs2,VER-AN00,1000,800,180,180,180,180,/,/
华为Mate系列,6,荣耀Magic V2,VER-AN10,1000,800,180,180,180,180,/,/
华为折叠系列,1,荣耀magicV2至臻,VER-AN00,1000,800,180,180,180,180,/,/
华为折叠系列,2,荣耀MagicV至臻,TFY-AN00,700,7,180,180,190,600,190,/
华为折叠系列,3,荣耀Magic Vs3,FCP-AN20,700,600,180,180,190,500,280,/
华为折叠系列,4,荣耀Magic Vs,FRI-AN00,450,350,180,180,180,180,400,300
华为折叠系列,5,荣耀Magic V,MRO-AN00,300,250,180,180,180,180,/,/
华为折叠系列,6,pocket2,LEM-AL00,700,600,260,200,140,140,/,/
华为折叠系列,7,Pursa,HGP-AL00,500,500,500,240,90,90,/,/
华为折叠系列,8,Pocket S 4G,BAL-AL00,400,400,220,220,220,220,/,/
华为折叠系列,9,p50pocket,BAL-AL00/AL60,400,400,175,175,175,175,/,/
华为Mate系列,1,华为Mate XT,/,1,1,1,1,1,1,/,/
华为Mate系列,2,华为Mate XT5,/,1,1,1,1,300,180,/,/
华为Mate系列,3,MATE 80,/,1200,1100,800,600,180,150,/,/
华为Mate系列,4,MATE 80 pro,/,1400,1300,1000,800,180,150,/,/
华为Mate系列,5,MATE 80 pro (24+1T),/,1600,1500,1100,800,260,150,/,/
华为Mate系列,6,MATE 60 RS 非凡大师,ALN-AL10,2300,2100,1800,1500,150,150,/,/
华为Mate系列,1,Mate 60 Pro+,ALN-AL20,1300,900,800,800,180,180,/,/
华为Mate系列,2,Mate 60 Pro,ALN-AL00,1300,1200,800,600,185,180,/,开机测试主板亮屏幕有显示算开机
华为Mate系列,3,Mate 60,BRA-AL00,800,700,500,400,180,180,/,开机测试主板亮屏幕有显示算开机
华为Mate系列,4,Mate 50 RS保时捷,DCO-AL00,900,700,500,300,190,190,/,/
华为Mate系列,5,MATE 50 Pro 4G,DCO-AL00,240,240,180,180,180,180,/,/
华为Mate系列,6,MATE 50 4G,CET-AL00,220,220,180,180,180,180,/,/
华为Mate系列,1,Mate 50E 4G,CET-AL00,160,160,160,160,160,160,/,/
华为Mate系列,2,Mate40保时捷+4G,NOP-AN00,280,280,80,80,80,80,/,/
华为Mate系列,3,Mate40Pro 5G (8+256),NOH-AN00,200,200,80,80,80,80,/,/
华为Mate系列,4,Mate40Pro 5G (8+128),NOH-AN00,200,200,80,80,80,80,/,/
华为Mate系列,5,Mate40 5G,OCE-AN00,200,200,80,80,80,80,/,/
华为Mate系列,6,Mate40 RS保时捷 (12+256/512),NOP-AN00,350,350,80,80,80,80,/,开机主板靓功能正常 屏花倒充400 要求主板靓比例正常
华为Mate系列,1,Mate40 Pro 4G,NOH-AL00,200,200,80,80,80,80,/,/
华为Mate系列,2,Mate40 RS(5G),NOP-AN00,220,220,80,80,80,80,/,开机主板靓功能正常 屏花倒充400 要求主板靓比例正常
华为Mate系列,3,Mate 40E 5G,OCE-AN50,150,150,100,100,100,100,/,开机测试主板亮屏幕有显示算开机
华为Mate系列,4,Mate40 4G,OCE-AN00,150,150,100,100,100,100,/,电池好开机正常开机主板靓镜头靓
华为Mate系列,5,Mate30RS保时捷,LIO-AN00P,300,300,100,100,100,100,/,/
华为Mate系列,6,Mate30 Pro 5G,LIO-AL00,100,100,100,100,100,100,/,/
华为Mate系列,1,Mate30 5G,TAS-AN00,300,100,100,100,100,100,/,/
华为Mate系列,2,Mate30 4G,TAS-AL00,150,150,90,90,90,90,/,/
华为Mate系列,3,Mate20保时捷,LYA-AL00,140,140,140,140,140,140,/,/
华为Mate系列,4,Mate20 Pro(8+256),LYA-AL00,100,100,100,100,100,100,/,/
华为Mate系列,5,Mate20 Pro(6+128),LYA-AL00,90,90,90,90,90,90,/,/
华为Mate系列,6,Mate20 pro (8+128),LYA-AL00,75,75,75,75,75,75,/,/
华为Mate系列,1,Mate20 (8+128),HMA-AL00,70,70,70,70,70,70,/,/
华为Mate系列,2,Mate20 (6+64),HMA-AL00,60,60,60,60,60,60,/,/
华为Mate系列,3,Mate20 X(5G),EVR-AN00,160,100,100,100,100,100,/,/
华为Mate系列,4,Mate10 Pro,BLA-AL00,120,120,80,80,/,/,/,/
华为Mate系列,5,Mate10pro,BLA-AL00,70,70,70,70,/,/,/,/
华为Mate系列,6,Mate10,ALP-AL00,60,60,60,60,/,/,/,开机测试主板亮屏幕有显示算开机
华为Mate系列,1,Mate9pro,LON-AL00,60,60,60,60,/,/,/,开机测试主板亮屏幕有显示算开机
华为Mate系列,2,Mate9,MHA-AL00,60,60,60,60,/,/,/,/
华为Mate系列,3,Mate8 (4+64),NXT-AL00,62,62,62,62,62,62,/,开机芯片无损坏 烧坏打字不计
华为Mate系列,4,Mate8 (3+32),NXT-AL00,38,38,38,38,38,38,/,/
华为Mate系列,5,MateS,CRR-UL00,30,30,30,30,30,30,/,/
华为Mate系列,6,Mate7,MT7-TL00,20,20,20,20,20,20,/,/
华为穿戴系列,7,华为手环B6,550-B19/B29,150,100,100,100,100,100,/,/
华为P系列,1,p80,/,1,1,1,1,1,1,/,/
华为P系列,2,P70 Ultra,HBN-AL00,1400,1300,900,600,130,130,/,/
华为P系列,3,p80ultra,/,1,1,1,1,1,1,/,/
华为P系列,4,P70pro+,HBN-AL10,1300,1200,800,500,140,140,/,拆好背光异屏统货400
华为P系列,5,p70pro,HBN-AL00,750,650,500,400,140,140,/,拆好背光异屏统货300
华为P系列,6,p70,ADY-AL00,700,600,400,300,140,140,/,开机正常靓主板芯片无损坏
华为P系列,1,p60Art,MNA-AL00,450,400,300,300,180,180,/,开机正常靓主板芯片无损坏
华为P系列,2,p60Pro,MNA-AL00,400,350,200,180,180,180,/,开机芯片无破损 烧坏打字不计
华为P系列,3,p60,L2A-AL00,260,180,180,180,180,180,/,主板开机无拆修加200元
华为P系列,4,p50E,LNA-AL00/AL20,140,140,130,130,130,130,/,主板开机无拆修加200元
华为P系列,5,p50pro (8+128),JAD-AL00,140,140,140,140,140,140,/,/
华为P系列,1,p50,ABR-AL00/AL60,170,170,170,170,170,170,/,统称：标配65AL60
华为P系列,2,P50 E 4G,ABR-AL00,170,170,165,170,165,165,/,开机芯片无破损
华为P系列,3,p50,ABR-AL60/AL80,220,165,165,165,165,165,/,/
华为P系列,4,P40 pro+ (8+256),ELS-AN10,350,350,100,100,100,100,/,/
华为P系列,5,P40 pro (8+256),ELS-AN00,350,350,100,100,100,100,/,/
华为P系列,6,P40 (8+128),ANA-AN00/AL00,210,210,120,120,120,120,/,主板芯片比例正常
华为P系列,1,P40 (6+128),ANA-AL00,140,140,90,90,90,90,/,主板芯片比例正常
华为P系列,2,P30(8+256),ELE-AL00,130,130,130,130,130,130,/,主板小板短板CB
华为P系列,3,P30(8+128),ELE-AL00,110,110,100,100,100,100,/,开机测试主板亮屏幕有显示算开机
华为P系列,4,P30(6+128),ELE-AL00,90,90,75,75,75,75,/,开机测试主板亮屏幕有显示算开机
华为P系列,5,P30Pro,VOG-AL00/TL00/AL10,125,125,125,125,125,125,/,开机测试主板亮屏幕有显示算开机
华为P系列,1,P20Pro,CLT-AL00/TL00,72,72,72,72,72,72,/,/
华为P系列,2,P10plus,VKY-AL00,72,72,72,72,72,72,/,开机测试主板亮屏幕有显示算开机
华为P系列,3,P10,VTR-AL00,60,60,60,60,60,60,/,开机测试主板亮屏幕有显示算开机
华为P系列,4,P9,EVA-AL00/AL10,40,40,40,40,40,40,/,开机测试主板亮屏幕有显示算开机
华为P系列,5,P8,GRA-UL00/AL00,55,55,55,55,55,55,/,开机测试主板亮屏幕有显示算开机
华为P系列,6,P9plus,VIE-AL10,58,58,58,58,58,58,/,/
Hi系列/畅享,1,Hi 畅享60pro,SNP-AN00,1,1,1,1,1,1,/,/
Hi系列/畅享,2,Hi 畅享60,SHR-AN00,150,150,150,150,140,140,/,/
Hi系列/畅享,3,Hi 畅享60s,JLG-AN00,145,145,145,145,140,140,/,/
Hi系列/畅享,4,Hi 畅享70pro,JLN-AN00,190,190,160,160,160,160,/,/
Hi系列/畅享,5,Hi 畅享70,MKY-AN00,220,220,220,220,220,220,/,/
Hi系列/畅享,6,Hi Nova 12 SE,GAR-AL00,140,140,140,140,140,140,/,/
Hi系列/畅享,1,Hi Nova 11,MAO-AN00,165,165,165,165,165,165,/,/
Hi系列/畅享,2,Hi Nova 10 se,GAR-AL00,110,110,110,110,110,110,/,/
Hi系列/畅享,3,Hi Nova 12 SE,SUP-AN00,220,220,220,220,220,220,/,/
Hi系列/畅享,4,Hi Nova 11 5G,MSZ-BD00,220,220,220,220,220,220,/,/
Hi系列/畅享,5,Hi nova 10PRO,BON-AL00,170,170,170,170,170,170,/,/
Hi系列/畅享,6,Hi nova 10se,BNE-AL00,170,170,170,170,170,170,/,/
Hi系列/畅享,1,Hi Nova9 (8+128),NAM-AL00,170,170,170,170,170,170,/,/
Hi系列/畅享,2,Hi Nova9 (8+256),RTE-AL00,170,170,170,170,170,170,/,/
Hi系列/畅享,3,Hi Nova9 Pro (8+256),Here-BD00,220,220,220,220,220,220,/,/
Hi系列/畅享,4,Hi Nova9 SE,Here-BD00,170,170,170,170,170,170,/,/
Hi系列/畅享,5,Hi Nova9 Z,FND-BD00/TL00,170,170,170,170,170,170,/,/
华为Nova系列,1,Nova 16,/,1,1,1,1,90,90,/,/
华为Nova系列,2,Nova 16 Ultra,/,1,1,1,1,90,90,/,/
华为Nova系列,3,Nova 16 Pro,/,1,1,1,1,90,90,/,/
华为Nova系列,4,nova 16,/,1,1,1,1,90,90,/,/
华为Nova系列,5,nova 16Z,/,1,1,1,1,90,90,/,/
华为Nova系列,6,nova 16SE,/,1,1,1,1,1,1,/,/
华为Nova系列,7,nova 15,/,1,1,1,1,1,1,/,/
华为Nova系列,1,nova 14ultra,ADA-AL00,500,450,350,90,90,90,/,主板开机有背光
华为Nova系列,2,nova 14pro,NES-AL00,400,350,230,90,90,90,/,/
华为Nova系列,3,nova 14,BRQ-AL00,280,230,180,90,90,90,/,/
华为Nova系列,4,nova13,MES-AL00,200,200,90,90,90,90,/,异折算统货90
华为Nova系列,5,nova13 pro,TLS-AL00,350,300,90,90,90,90,/,/
华为Nova系列,6,nova13ultra,TLS-AL00,400,350,90,90,90,90,/,开机芯片无破损 烧坏打字不计
华为Nova系列,7,nova13 lite,/,1,1,1,1,90,90,/,/
华为Nova系列,1,nova12ultra,ADA-AL00,350,250,160,160,160,160,/,开机芯片无破损 烧坏打字不计
华为Nova系列,2,nova12pro(12+256),ADA-AL00,450,400,160,160,160,160,/,主板开机排线好C
华为Nova系列,3,nova12(12+256),FIN-AL60,400,400,220,220,220,220,/,开机芯片无破损
华为Nova系列,4,nova12活力版,FIN-AL60,220,220,220,220,220,220,/,开机芯片无破损 烧坏打字不计
华为Nova系列,5,nova12 se(512),BND-AL00,175,175,175,175,175,175,/,主板小板短板DOC
华为Nova系列,6,nova12 se(256),BND-AL00,175,175,175,175,175,175,/,主板小板短板DOC
华为Nova系列,1,Nova 11 Ultra,GOA-AL80,170,170,170,170,170,170,/,/
华为Nova系列,2,Nova 11 Pro 4G,GOA-AL80,170,170,170,170,170,170,/,主板小板短板DOC
华为Nova系列,3,nova11(8+256),FOA-AL00,170,170,170,170,170,170,/,主板小板短板DOC
华为Nova系列,4,Nova11活力版,FOA-AL00,220,220,220,220,220,220,/,主板小板短板DOC
华为Nova系列,5,nova11 se(256),BON-AL00,220,220,220,220,220,220,/,/
华为Nova系列,6,nova11 se(128),BON-AL00,170,170,170,170,170,170,/,主板小板短板DOC
华为Nova系列,1,Nova10pro(8+256),GLA-AL00,220,220,220,220,220,220,/,主板小板短板DOC
华为Nova系列,2,Nova10(8+256),NCO-AL00,170,170,170,170,170,170,/,/
华为Nova系列,3,Nova10(8+128),NCO-AL00,170,170,170,170,170,170,/,/
华为Nova系列,4,Nova10z,BNE-AL00,170,170,170,170,170,170,/,开机芯片无破损
华为Nova系列,5,Nova10SE,BNE-AL00,170,170,170,170,170,170,/,主板小板短板DOC
华为Nova系列,6,nova10青春版,BNE-AL00,170,170,170,170,170,170,/,/
华为Nova系列,1,nova10 pro,NCO-AL00,220,220,220,220,220,220,/,主板小板短板DOC
华为Nova系列,2,nova10,NCO-AL00,220,220,220,220,220,220,/,主板小板短板TIA
华为Nova系列,3,nova9 Pro (8+128),RTE-AL00,170,170,170,170,170,170,/,要求开机主板靓
华为Nova系列,4,Nova9se,JLN-AL00,170,170,170,170,170,170,/,/
华为Nova系列,5,Nova9(8+256),RTL-AL00,220,220,220,220,220,220,/,/
华为Nova系列,6,Nova9(8+128),NAM-AL00,170,170,170,170,170,170,/,/
华为Nova系列,1,Nova8 Pro 5G,BRQ-AN00,170,170,170,170,170,170,/,/
华为Nova系列,2,Nova8 Pro 4G,BRQ-AL00,170,170,170,170,170,170,/,/
华为Nova系列,3,Nova8 5G,ANG-AN00,170,170,170,170,170,170,/,/
华为Nova系列,4,Nova8 4G,ANG-AL00,170,170,170,170,170,170,/,/
华为Nova系列,5,Nova8 se4G,JSC-AL00,170,170,170,170,170,170,/,/
华为Nova系列,6,Nova8se活力版,CHL-AL00,170,170,170,170,170,170,/,/
华为Nova系列,1,Nova8 (8+128),ANG-AL00,170,170,170,170,170,170,/,要求芯片无破损
华为Nova系列,2,Nova7 5G,JEF-AN00,170,170,170,170,170,170,/,/
华为Nova系列,3,Nova7 Pro,JER-AN10,165,165,165,165,165,165,/,开机芯片无破损
华为Nova系列,4,Nova7se,CDY-AN00,165,165,165,165,165,165,/,/
华为Nova系列,5,Nova7se 5G,CDY-AN20,165,165,165,165,165,165,/,未解激活扣扣钱
华为Nova系列,6,Nova7se乐活,CDY-AN90,165,165,165,165,165,165,/,未解扣扣钱AN90
华为Nova系列,1,Nova6(8+128),WLZ-AL10,165,165,165,165,165,165,/,未解扣扣钱 统货要求芯片无破损
华为Nova系列,2,Nova6 5G,WLZ-AN00,127,127,127,127,90,90,/,主板开机有背光没有点显示算不开机
华为Nova系列,3,Nova6 4G,WLZ-AL10,127,127,127,127,90,90,/,/
华为Nova系列,4,Nova6 SE,JNY-AL10,120,120,110,110,110,110,/,开机主板功能正常 电池好付付20
华为Nova系列,5,Nova5pro,SEA-AL10B,155,155,155,155,155,155,/,/
华为Nova系列,6,Nova5i (6+128),GLK-AL00A,125,125,125,125,125,125,/,/
华为Nova系列,1,Nova5i Pro,GLK-AL00,155,155,155,155,155,155,/,未解激活扣扣钱
华为Nova系列,2,Nova5pro (8+128),SPN-AL00,155,155,155,155,155,155,/,主板小板短板TIA
华为Nova系列,3,Nova5z,SPN-AL00C,125,125,125,125,125,125,/,主板小板短板TIA
华为Nova系列,4,Nova5i(8+256),GLK-AL00,155,155,155,155,155,155,/,主板小板短板TIA
华为Nova系列,5,Nova5i (8+128),SMP-AL00C,125,125,125,125,125,125,/,主板小板短板C
华为Nova系列,6,Nova5 (8+128),VCE-AL00,165,165,165,165,165,165,/,/
华为Nova系列,1,Nova4 (8+128),VCE-AL00B,100,100,100,100,100,100,/,未解芯片统货无破损
华为Nova系列,2,Nova4 (6+128),VCE-TL00,80,80,80,80,80,80,/,主板小板短板TIA
华为Nova系列,3,Nova4e (6+128),MAR-AL00,160,160,160,160,160,160,/,主板小板短板TIA
华为Nova系列,4,Nova3,PAR-AL00,85,85,85,85,85,85,/,/
华为Nova系列,5,Nova3 (4+64),PAR-AL00,80,80,80,80,80,80,/,/
华为Nova系列,6,Nova3i,INE-AL00,80,80,80,80,80,80,/,/
华为Nova系列,7,Nova3e,ANE-AL00,115,115,115,115,115,115,/,/
华为Nova系列,1,Nova2s,BAC-AL00,85,85,85,85,85,85,/,/
华为Nova系列,2,Nova2s 高配,HWI-AL00,60,60,60,60,60,60,/,开机测试主板亮屏幕有显示算开机 屏幕发黄发暗扣钱
华为Nova系列,3,Nova2,PIC-AL00,75,75,75,75,75,75,/,/
华为Nova系列,4,Nova (4+64),MAS-AL00,75,75,75,75,75,75,/,/
华为Nova系列,5,Nova (4+64),CAZ-AL00,135,135,135,135,135,135,/,/
华为Nova系列,6,Nova (3+32),CAZ-AL00,55,55,55,55,55,55,/,/
华为/生态系列,1,优畅享50,VP004,170,170,170,170,170,170,/,/
华为/生态系列,2,优畅享50Pro,VP005,170,170,170,170,170,170,/,/
华为/生态系列,3,优畅享30e,VP001,170,170,170,170,170,170,/,/
华为/生态系列,4,优畅享20,VP002,170,170,170,170,170,170,/,/
华为/生态系列,5,优畅享20 Plus,VP003,170,170,170,170,170,170,/,/
华为/生态系列,6,雷鸟,VP003,170,170,170,170,170,170,/,/
华为/生态系列,1,NZONE 50Pro 5G,SP210,170,170,170,170,170,170,/,/
华为/生态系列,2,生态70pro+,SP2101,170,170,170,170,170,170,/,/
华为/生态系列,3,生态70,SP300,170,170,170,170,170,170,/,/
华为/生态系列,4,鼎桥x7,SP100,170,170,170,170,170,170,/,/
华为/生态系列,1,鼎桥 M40,AVA-PA00,130,130,130,130,130,130,/,/
华为/生态系列,2,鼎桥 M40,TDT-MA00,100,100,100,100,100,100,/,/
华为/生态系列,3,NAT-TN00,NAT-TN00,170,170,170,170,170,170,/,/
华为/生态系列,4,WIKO 5G,LFT-AN00,170,170,170,170,170,170,/,/
华为/生态系列,1,NEX US,NEX US,27,27,23,23,23,23,/,/
华为/生态系列,1,荣耀xpower2,SFR-AN00,700,650,600,500,150,150,/,/
华为/生态系列,2,荣耀power,DVD-AN00/AN10,580,500,380,300,160,150,/,特统货2200
荣耀Magic系列,1,荣耀Magic7 Pro,PTP-AN10,900,900,400,400,300,300,/,/
荣耀Magic系列,2,荣耀Magic7,PTP-AN00,800,800,400,400,300,300,/,/
荣耀Magic系列,3,荣耀Magic6 Pro,BVL-AN10,800,600,400,300,300,300,/,/
荣耀Magic系列,4,荣耀Magic6,BVL-AN00,700,500,320,240,240,240,/,/
荣耀Magic系列,5,荣耀Magic6rs,BVL-AN20,850,600,400,260,240,240,/,碎屏靓底板开机400
荣耀Magic系列,1,荣耀Magic5 Pro,PGT-AN10,320,300,220,220,320,320,/,开机测试主板亮屏幕有显示算开机 屏幕碎开机统货300要求主板靓比例正常
荣耀Magic系列,2,荣耀Magic5至臻,PGT-AN20,300,220,220,220,220,220,/,/
荣耀Magic系列,3,荣耀Magic5,PGT-AN00,200,200,200,200,200,200,/,/
荣耀Magic系列,4,荣耀Magic4 Pro,LGE-AN10,300,300,300,300,300,300,/,/
荣耀Magic系列,5,荣耀Magic4,LGE-AN00,200,200,200,200,200,200,/,/
荣耀Magic系列,6,荣耀Magic4至臻,LGE-AN20,300,200,200,200,200,200,/,/
荣耀Magic系列,1,荣耀Magic3 Pro,ELZ-AN10,200,200,200,200,200,200,/,/
荣耀Magic系列,2,荣耀Magic3,ELZ-AN00,450,200,240,240,240,240,/,/
荣耀Magic系列,3,荣耀Magic3至臻,ELZ-AN20,300,200,200,200,200,200,/,/
荣耀Magic系列,4,荣耀Magic2,BLT-AN00,90,90,90,90,90,90,/,开机芯片无破损 屏幕好坏不影响
荣耀Magic系列,5,荣耀Magic,NTS-AL00,33,33,33,33,33,33,/,/
荣耀数字系列,1,荣耀200 Pro,AMP-AN10,450,450,350,350,150,150,/,/
荣耀数字系列,2,荣耀200,AMP-AN00,400,400,300,150,150,150,/,/
荣耀数字系列,3,荣耀100 Pro,MAA-AN10,400,350,280,150,150,150,/,/
荣耀数字系列,4,荣耀100,MAA-AN00,300,300,260,150,150,150,/,/
荣耀数字系列,5,荣耀90 Pro,REP-AN00,350,300,280,150,150,150,/,/
荣耀数字系列,6,荣耀90,REA-AN00,300,280,260,150,150,150,/,/
荣耀数字系列,1,荣耀80 Pro,ANP-AN00,280,280,280,280,150,150,/,/
荣耀数字系列,2,荣耀80,ANN-AN00,220,220,220,220,160,160,/,/
荣耀数字系列,3,荣耀80 GT,AGT-AN00,300,280,240,150,150,150,/,/
荣耀数字系列,4,荣耀70 Pro+,HPB-AN00,240,240,240,240,240,240,/,/
荣耀数字系列,5,荣耀70 Pro,SDY-AN00,240,240,240,240,240,240,/,/
荣耀数字系列,6,荣耀70,FNE-AN00,240,240,240,240,240,240,/,主板小板短板统
荣耀数字系列,1,荣耀60 Pro,TNA-AN00,220,220,220,220,220,220,/,/
荣耀数字系列,2,荣耀60,LSA-AN00,180,180,180,180,180,180,/,开机测试主板亮屏幕有显示算开机
荣耀数字系列,3,荣耀50SE (8+128),RNA-AN00,160,160,160,160,160,160,/,/
荣耀数字系列,4,荣耀50SE (8+256),RNA-AN00,160,160,160,160,160,160,/,主板小板短板统
荣耀数字系列,5,荣耀50 (8+256),NTH-AN00,220,220,220,220,220,220,/,主板小板短板统
荣耀数字系列,6,荣耀50 (8+128),NTH-AN00,220,220,220,220,220,220,/,主板小板短板统
荣耀数字系列,1,荣耀30 Pro+,EBG-AN10,170,170,170,170,170,170,/,主板小板短板A
荣耀数字系列,2,荣耀30 Pro,EBG-AN00,90,90,90,90,90,90,/,/
荣耀数字系列,3,荣耀30 (8+256),BMH-AN10,165,165,165,165,165,165,/,主板小板短板A
荣耀数字系列,4,荣耀30 (8+128),BMH-AN10,130,130,130,130,130,130,/,主板小板短板C
荣耀数字系列,5,荣耀30 青春版 (8+128),MXW-AN00,170,170,170,170,170,170,/,/
荣耀数字系列,6,荣耀30S,CDY-AN90,165,165,165,165,165,165,/,/
荣耀数字系列,1,荣耀20 Pro (8+128),YAL-AL10,110,110,110,110,110,110,/,拆不好背光异屏统货不扣钱
荣耀数字系列,2,荣耀20 (8+128),YAL-AL00,100,100,100,100,100,100,/,开机测试主板亮屏幕有显示算开机
荣耀数字系列,3,荣耀20i (8+128),HRY-AL00Ta,145,145,145,145,145,145,/,定屏幕点算不开机
荣耀数字系列,4,荣耀20S,YAL-AL50,125,125,125,125,125,125,/,/
荣耀数字系列,5,荣耀20青春版,LRA-AL00,125,125,125,125,125,125,/,主板小板短板D
荣耀数字系列,6,荣耀10,COL-AL10,70,70,70,70,70,70,/,/
荣耀数字系列,7,荣耀9,STF-AL10,60,60,60,60,60,60,/,/
荣耀数字系列,8,荣耀8,FRD-AL00,50,50,50,50,50,50,/,开机测试主板亮屏幕有显示算开机
荣耀数字系列,9,荣耀7,PLK-AL10,43,43,43,43,43,43,/,/
荣耀数字系列,10,荣耀6,H60-L01,55,55,55,55,55,55,/,/
荣耀X系列,1,荣耀X60 Pro,BRP-AN00,440,380,340,/,165,165,开机主板靓镜头靓 屏花倒充
荣耀X系列,2,荣耀X60,ALI-AN00,340,340,300,/,165,165,/
荣耀X系列,3,荣耀X50 Pro,ALI-AN00,390,390,340,/,150,150,/
荣耀X系列,4,荣耀X50 GT,ALI-AN00,440,440,380,/,150,150,/
荣耀X系列,5,荣耀X50 (8+128),ALI-AN00,290,290,250,/,160,160,/
荣耀X系列,6,荣耀X50 (8+256),ALI-AN00,340,340,300,/,160,160,/
荣耀X系列,1,荣耀X40 GT,APT-AN00,205,205,205,/,160,160,/
荣耀X系列,2,荣耀X40,RMO-AN00,230,230,230,/,230,230,/
荣耀X系列,3,荣耀X30 Max,KKG-AN70,170,170,170,/,170,170,/
荣耀X系列,4,荣耀X30 (8+256),ANY-AN00,220,220,220,/,220,220,/
荣耀X系列,5,荣耀X30 (8+128),ANY-AN00,170,170,170,/,170,170,/
荣耀X系列,6,荣耀X20,CHL-AN00,170,170,170,/,170,170,/
荣耀X系列,7,荣耀X10 (8+128),TEL-AN00,170,170,170,/,170,170,/
荣耀X系列,8,荣耀9X (6+128),HLK-AL00,135,135,135,135,135,135,主板小板短板统
荣耀X系列,9,荣耀8X,JSN-AL00,100,100,100,100,100,100,主板小板短板C
荣耀X系列,10,荣耀7X,BND-AL10,65,65,65,65,65,65,/
荣耀Play系列,1,荣耀Play9T,LLY-AN00,230,230,230,/,150,150,/
荣耀Play系列,2,荣耀Play8T,CLK-AN00,160,160,160,/,160,160,/
荣耀Play系列,3,荣耀Play7T,DID-AN00,160,160,160,/,160,160,/
荣耀Play系列,4,荣耀Play6T,TNY-AN00,140,140,140,/,140,140,/
荣耀Play系列,5,荣耀Play5,CMA-AL00,165,165,165,/,165,165,/
荣耀Play系列,6,荣耀Play4 Pro,OXF-AN10,135,135,135,135,135,135,开机芯片统货无破损
荣耀Play系列,7,荣耀Play3,ASK-AL00,80,80,80,80,80,45,/
荣耀畅玩系列,1,畅玩50 Plus,CLK-AN00,165,165,165,/,165,165,/
荣耀畅玩系列,2,畅玩40,WKG-AN00,135,135,135,/,135,135,/
荣耀畅玩系列,3,畅玩30,VNE-AN00,135,135,135,/,135,135,/
荣耀畅玩系列,4,畅玩20,KOZ-AL00,135,135,135,/,135,135,/
荣耀畅玩系列,5,畅玩9A,MOA-AL00,95,95,95,95,95,95,/
荣耀畅玩系列,6,畅玩8A,JAT-AL00,95,95,95,95,95,95,/
荣耀畅玩系列,7,畅玩7A,AUM-AL00,80,80,80,80,80,80,/
荣耀畅玩系列,8,畅玩6A,DLI-AL10,60,60,60,60,60,60,/
荣耀畅玩系列,9,畅玩5A,CAM-AL00,45,45,45,45,45,45,/
品牌/系列,序号,机型与规格,网络制式型号,开机靓好,开机好碎,开机碎屏,开机坏配件,不开机,废板·整机,统货,备注
荣耀V系列,1,荣耀Vpurse,VCA-AN00,450,450,450,450,/,150,150,/
荣耀V系列,2,荣耀V40,YOK-AN10,160,160,160,160,/,160,160,/
荣耀V系列,3,荣耀V40轻奢版,ALA-AN70,120,120,120,120,/,120,120,/
荣耀V系列,4,荣耀V30 Pro,OXF-AN10,130,130,130,130,/,99,90,/
荣耀V系列,5,荣耀V30,OXF-AN00,130,130,130,130,/,99,90,/
荣耀V系列,6,荣耀V20,PCT-AL10,100,100,100,100,/,100,100,/
荣耀V系列,1,荣耀V10,BKL-AL00/AL20,80,80,80,80,/,80,80,/
荣耀V系列,2,荣耀V9,DUK-AL20,67,67,67,67,/,67,67,/
荣耀V系列,3,荣耀V8,KNT-AL10/AL20,60,60,60,60,/,60,60,/
荣耀数字系列,4,荣耀9青春版,LLD-AL00/AL10,55,55,55,55,/,55,55,/
荣耀Play系列,1,荣耀Play 10T,LLY-AN00,230,230,230,230,/,150,150,/
荣耀Play系列,2,荣耀Play 10A,DID-AN00,180,180,180,180,/,140,140,/
荣耀Play系列,3,荣耀play9T,LLY-AN00,180,180,180,180,/,140,140,/
荣耀Play系列,4,荣耀play8T,CLK-AN00,180,180,180,180,/,140,140,/
荣耀Play系列,5,荣耀play7T,DID-AN00,190,190,190,190,/,140,140,/
荣耀Play系列,6,荣耀play6T pro,TNY-AN00,135,135,135,135,/,135,135,/
荣耀Play系列,1,荣耀play6T,TF-AN00,180,180,180,180,/,165,165,/
荣耀Play系列,2,荣耀Play6c,SM4350/AN00,135,135,135,135,/,135,135,/
荣耀Play系列,3,荣耀Play5活力版,GIA-AN00,180,180,180,180,/,165,165,/
荣耀Play系列,4,荣耀play5 5G,HJC-AN00,165,165,165,165,/,165,165,/
荣耀Play系列,5,荣耀play5T活力版,KOZ-AL00,135,135,135,135,/,135,135,/
荣耀Play系列,6,荣耀play5T,NZA-AL00,165,165,165,165,/,165,165,/
荣耀Play系列,1,荣耀play4T Pro,AQM-AL10,220,220,220,220,/,220,220,开机屏幕发黄发暗扣钱 烧坏打字不计
荣耀Play系列,2,荣耀Play4T,AKA-AL10,170,170,170,170,/,170,170,/
荣耀Play系列,3,荣耀Play4,HJC-AN00,170,170,170,170,/,170,170,/
荣耀Play系列,4,荣耀Play4 Pro,OXF-AN10,135,135,135,135,135,135,/,开机芯片统货无破损
荣耀Play系列,5,荣耀Play3,ASK-AL00,100,100,100,100,100,100,/,开机芯片统货无破损
荣耀Play系列,6,荣耀Play3e,KNT-AL20,80,80,80,80,80,45,/,/
荣耀Play系列,7,荣耀Play (4+64/128),COR-AL00,65,65,65,65,65,65,/,开机芯片统货无破损 屏幕好坏不影响打字不计
荣耀Play系列,8,荣耀Play (6+64/128),COR-AL00,65,65,65,65,65,65,/,开机芯片统货无破损 屏幕好坏不影响打字不计
华为畅享系列,1,畅享60X,STG-AL00,200,200,200,200,/,130,130,/
华为畅享系列,2,畅享60e,NIC-AN00,190,190,190,190,/,150,150,/
华为畅享系列,3,畅享60z,ALT-AN00,290,290,290,290,/,140,140,/
华为畅享系列,4,畅享50z,/,140,140,140,140,/,140,140,/
华为畅享系列,5,畅享50Pro,CLK-AL00,270,270,270,270,/,150,150,/
华为畅享系列,6,畅享50e,/,135,135,135,135,/,135,135,/
华为畅享系列,1,畅享40Plus,CLK-AN00,165,165,165,165,/,165,165,/
华为畅享系列,2,畅享40S,CDY-AN00,165,165,165,165,/,165,165,/
华为畅享系列,3,畅享40,/,135,135,135,135,/,135,135,/
华为畅享系列,4,畅享30e,NBD-AN00,165,165,165,165,/,165,165,/
华为畅享系列,5,畅享30M,NBD-AN00,135,135,135,135,/,135,135,/
华为畅享系列,6,畅享30,NBD-AN00,135,135,135,135,/,135,135,/
荣耀畅玩系列,1,畅玩20 Pro,KOZ-AL00,165,165,165,165,135,135,/,/
荣耀畅玩系列,2,畅玩20,KOZ-AL00,165,165,165,165,135,135,/,/
荣耀畅玩系列,3,畅玩20,HJC-LX9,135,135,135,135,135,135,/,/
荣耀畅玩系列,4,畅玩9a,MOA-AL00,125,125,125,125,125,125,/,/
荣耀畅玩系列,5,畅玩8a (3+32),JAT-AL00,95,95,95,95,95,95,/,/
荣耀畅玩系列,6,畅玩7,DUA-AL00,70,70,70,70,70,70,/,/
荣耀畅玩系列,1,畅玩8a (3+64),JAT-AL00,95,95,95,95,95,95,/,开机芯片无破损 屏幕好坏不影响 打字不计
荣耀畅玩系列,2,畅玩8,JAT-TL00,100,100,100,100,100,100,/,/
荣耀畅玩系列,3,畅玩7a (3+32),AUM-AL00,80,80,80,80,80,80,/,开机芯片无破损 屏幕好坏不影响
荣耀畅玩系列,4,畅玩7x (3+32),BND-AL00,45,45,45,45,45,45,/,/
荣耀畅玩系列,5,畅玩7a (2+32),AUM-AL00,30,30,30,30,30,30,/,开机芯片无破损 屏幕好坏不影响
荣耀畅玩系列,6,畅玩7c,LND-AL00,80,80,80,80,80,80,/,/
荣耀畅玩系列,1,畅玩6,MYA-AL10,80,80,80,80,80,80,/,开机芯片无破损
荣耀畅玩系列,2,畅玩7C,LND-AL30,75,75,75,75,75,75,/,/
荣耀畅玩系列,3,畅玩6A,DLI-AL10,60,60,60,60,60,60,/,/
荣耀畅玩系列,4,畅玩6X,BLN-AL10/AL40,60,60,60,60,60,60,/,/
荣耀畅玩系列,5,畅玩5C,NEM-AL10,45,45,45,45,45,45,/,/
荣耀畅玩系列,6,荣耀70Pro Max,CHZ-AL00,340,340,340,160,160,160,/,开机芯片无破损
华为畅享系列,1,畅享70 Pro Max,CHZ-AL00,240,240,240,140,140,140,/,/
华为畅享系列,2,畅享90Plus,/,240,240,240,90,90,90,/,/
华为畅享系列,3,畅享80Max,LSA-AN00,200,200,200,90,90,90,/,/
华为畅享系列,4,畅享70z,/,90,90,90,90,90,90,/,/
华为畅享系列,5,畅享70e,/,250,250,250,90,90,90,/,/
华为畅享系列,6,畅享70X,L40,110,110,90,90,90,90,/,/
华为畅享系列,1,畅享70,STG-AL00,280,280,280,165,165,165,/,/
华为畅享系列,2,畅享70e,FGY-AL00,195,195,195,165,165,165,/,/
华为畅享系列,3,畅享60活力版,MGA-AL00,195,195,195,165,165,165,/,/
华为畅享系列,4,畅享60 Pro,STE-AL00,170,170,170,140,140,140,/,/
华为畅享系列,5,畅享60 4G,MGA-AL00,110,110,110,90,90,90,/,/
华为畅享系列,6,畅享60,MGA-AL00,170,170,170,170,170,170,/,/
华为畅享系列,1,畅享60s,GAR-AL00,110,110,110,90,90,90,/,/
华为畅享系列,2,畅享50Pro,CTR-AL00,170,170,170,170,170,170,/,/
华为畅享系列,3,畅享50z,EVE-AL00,105,105,105,105,80,80,/,/
华为畅享系列,4,畅享50 (6+128),MGA-AL00,105,105,105,105,80,80,/,/
华为畅享系列,5,畅享50 (8+128/256),MGA-AL00,115,115,115,115,80,80,/,/
华为畅享系列,6,畅享20Pro (6+128),DVC-AN00,170,170,170,170,170,170,/,/
华为畅享系列,1,畅享20Pro (8+128),DVC-AN20,170,170,170,170,170,170,/,/
华为畅享系列,2,畅享20Plus,FRL-AN00a,170,170,170,170,170,170,/,/
华为畅享系列,3,畅享20SE,PPA-AL20,170,170,170,170,170,170,/,/
华为畅享系列,4,畅享20e,MLD-AL00,135,135,135,135,135,135,/,/
华为畅享系列,5,畅享20 (4+64/128),WKG-AN00,170,170,170,170,170,170,/,/
华为畅享系列,6,畅享10plus (6+128/8+128),STK-AL00,135,135,135,135,135,135,/,/
华为畅享系列,1,畅享10plus (4+128),STK-AL00,135,135,135,135,135,135,/,/
华为畅享系列,2,畅享10s,AQM-AL00/TL00,135,135,135,135,135,135,/,/
华为畅享系列,3,畅享10,ART-AL00x,140,140,140,140,140,140,/,/
华为畅享系列,4,畅享10e,MED-AL00,135,135,135,135,135,135,/,/
华为畅享系列,5,畅享9 plus,JKM-AL00b/TL00,135,135,135,135,135,135,/,/
华为畅享系列,6,畅享9 (4+64/128),MRD-AL00,70,70,70,70,70,70,/,/
华为畅享系列,1,畅享9e (3+32),MRD-AL00,70,70,70,70,70,70,/,/
华为畅享系列,2,畅享9 (3+32),MRD-AL00,95,95,95,95,95,95,/,/
华为畅享系列,3,畅享9S,POT-AL00,145,145,145,145,145,145,/,/
华为畅享系列,4,畅享8 Plus,DUB-AL00,115,115,115,115,115,115,/,/
华为畅享系列,5,畅享8 (3+32),FLA-AL10/AL20,45,45,45,45,45,45,/,/
华为畅享系列,6,畅享8 (4+64),FLA-AL10/AL20,45,45,45,45,45,45,/,/
华为畅享系列,1,畅享8e (2+16),ATU-AL10,20,20,20,20,20,20,/,/
华为畅享系列,2,畅享8e (3+32),ATU-TL10,30,30,30,30,30,30,/,/
华为畅享系列,3,畅享8e 青春版,FLA-AL00,95,95,95,95,95,95,/,/
华为畅享系列,4,畅享7 Plus,TRT-AL00,80,80,80,80,80,80,/,/
华为畅享系列,5,畅享7S,FIG-AL10/AL00,70,70,70,70,70,70,/,/
华为畅享系列,6,畅享7,SLA-AL00,70,70,70,70,70,70,/,/
华为/麦芒系列,1,畅享6,NCE-AL00,35,35,35,35,35,35,/,/
华为/麦芒系列,2,畅享6s,DIG-AL00,60,60,60,60,60,60,/,/
华为/麦芒系列,3,畅享5S,TAG-AL00,30,30,30,30,30,30,/,/
华为/麦芒系列,4,畅享5,TIT-AL00,20,20,20,20,20,20,/,/
华为/麦芒系列,5,畅享Z,DVC-AN00,125,125,125,125,125,125,/,/
华为/麦芒系列,6,畅享MAX,ARS-AL00,165,165,165,165,165,165,/,/
华为/麦芒系列,1,畅享Z (6+64),DVC-AN00,125,125,125,125,125,125,/,/
华为/麦芒系列,2,畅享Z (8+128),DVC-AN00,120,120,120,120,120,120,/,/
华为/麦芒系列,3,畅享Z (6+128),DVC-AN00,120,120,120,120,120,120,/,/
================================================================
序号,系列分类,机型及规格,网络型号,开机靓好,开机屏好外屏碎,开机屏坏未标,开机屏坏,不开机,废板·整机,开机无灯光,备注
5,畅享系列,畅享9e (3+32),MRD-AL00,70,70,70,70,70,70,/,/
6,畅享系列,畅享9e (3+64),MRD-AL00,95,95,95,95,95,95,/,开机屏好 开机好外屏碎开机要求主板靓带要求带B A算开机无灯光
1,畅享系列,畅享9S,POT-AL00,145,145,145,145,145,145,/,开机屏好主板靓 系统
2,畅享系列,畅享9,DUB-AL00,115,115,115,115,115,115,/,开机屏好主板靓 系统
3,畅享系列,畅享8e (3+32),ATU-AL00,45,45,45,45,45,45,/,/
4,畅享系列,畅享8e (2+16),ATU-TL00,30,30,30,30,30,30,/,/
5,畅享系列,畅享8p,FLA-AL00,95,95,95,95,95,95,/,开机屏好主板靓系统
6,畅享系列,畅享8,LDN-AL00,80,80,85,80,80,80,/,开机屏好要求主板系统
1,畅享系列,畅享7S,FIG-AL00,70,70,70,70,70,70,/,开机屏好主板靓系统
2,畅享系列,畅享7p高配,TRT-AL00,75,75,75,75,75,75,/,后面型号尾缀
3,畅享系列,畅享7p低配,TRT-AL00,60,60,60,60,60,60,/,/
4,畅享系列,畅享6,NCE-AL00,35,/,35,35,35,35,/,/
5,畅享系列,畅享max,ARS-AN00,125,125,125,125,125,125,/,开机屏好要求主板系统 外屏不好WEI标芯片无损
6,畅享系列,畅享Z (6+128/8+128),DVC-AN00,165,165,165,165,165,165,165,主板小标尾缀B
7,畅享系列,畅享Z (6+64),DVC-AN00,120,120,120,120,120,120,120,主板小标尾缀B
1,麦芒系列,麦芒40,TYH651M-02,260,220,220,220,140,140,/,/
2,麦芒系列,麦芒30,TNN-AN00,220,220,220,220,220,220,/,/
3,麦芒系列,麦芒A20 5G,TYH632M,170,170,170,170,170,170,/,/
4,麦芒系列,麦芒20 5G,TYH622M,220,220,220,220,220,220,/,/
5,麦芒系列,麦芒11,TYH622M,115,115,115,115,115,90,/,/
6,麦芒系列,麦芒10se,TYH611M,170,170,170,170,170,170,/,/
1,麦芒系列,麦芒10,TYH612M,170,170,170,170,170,170,/,/
2,麦芒系列,麦芒9,TNN-AN00,170,170,170,170,170,170,/,开机显示有灯光显黑屏不开机
3,麦芒系列,麦芒8,POT-AL00,145,145,145,145,145,145,/,开机屏好主板靓系统
4,麦芒系列,麦芒7,SNE-AL00,82,82,82,82,82,82,/,开机屏好要求主板系统
5,麦芒系列,麦芒6,RNE-AL00,75,75,75,/,75,75,75,开机屏好主板靓系统
6,麦芒系列,麦芒5 (4+64),MLA-AL10,130,130,130,130,130,130,/,开机屏好主板靓系统
7,麦芒系列,麦芒5 (3+32),MLA-AL00,55,55,55,55,55,55,/,开机屏好主板靓系统
1,点数系列,G9plus,MLA,50,50,50,50,50,50,/,/
2,点数系列,G9,VNS,26,26,26,26,26,26,/,开机屏好触摸好机外屏坏 外屏算屏坏
3,点数系列,荣耀V9play,JMM,65,65,65,65,65,65,/,/
4,点数系列,P8青春电信,ALE-CL00,23,23,23,23,23,23,/,/
5,点数系列,P8青春,ALE-TL00,23,23,23,23,23,23,23,/
6,点数系列,P8max,703,30,30,30,30,30,30,/,/
1,点数系列,P8标配,GRA,30,30,30,30,30,30,/,/
2,点数系列,P8电信,GRA-CL00,30,30,30,30,30,30,/,/
3,点数系列,畅享8e青春,DRA,45,45,45,45,45,45,/,开机屏好触摸好机外屏坏
4,点数系列,C8818,C8818,25,25,25,25,25,25,/,/
5,点数系列,C8817L,C8817L,10,10,10,10,10,10,/,单卡
6,点数系列,C8817D,C8817D,12,12,12,12,12,12,/,双卡
1,点数系列,C8815、C8816,C8815、C8816,9,9,9,9,9,9,/,/
2,点数系列,G750,G750,10,10,10,10,10,10,/,/
3,点数系列,G730,G730,9,9,9,9,9,9,/,/
4,点数系列,G7p,RIO-TL00,25,25,25,25,25,25,/,/
5,点数系列,荣耀7i金色,ATH,40,40,40,40,40,40,/,/
6,点数系列,荣耀7i白色,ATH,25,25,25,25,25,25,/,/
1,点数系列,畅玩7,DUA,45,45,45,45,45,45,/,开机屏好触摸好机外屏坏
2,点数系列,G629,G629,10,10,10,10,10,10,/,/
3,点数系列,畅享7,SLA,50,50,50,50,50,50,/,开机屏好触摸好机外屏坏
4,点数系列,荣耀7,PLK,30,30,30,30,30,30,/,开机屏好触摸好机外屏坏
5,点数系列,荣耀7电信,PLK,30,30,30,30,30,30,/,/
6,点数系列,P7,P7,22,22,22,22,22,22,/,/
1,点数系列,G628,G628,10,10,10,10,10,10,/,/
2,点数系列,Mate7电信,MT7,22,22,22,22,22,22,/,开机屏好触摸好机外屏坏
3,点数系列,Mate7,MT7,22,22,22,22,22,22,/,开机屏好触摸好机外屏坏
4,点数系列,G7,RIO-UL00,23,23,23,23,23,23,/,/
5,点数系列,G621双卡,G621,12,12,12,12,12,12,/,开机屏好触摸好机外屏坏
6,点数系列,G621单卡,G621,10,10,10,10,10,10,/,/
1,点数系列,G620双卡,G620,12,12,12,12,12,12,/,开机屏好触摸好机外屏坏
2,点数系列,G620单卡,G620,10,10,10,10,10,10,/,/
3,点数系列,G620s,G620s,12,12,12,12,12,12,/,开机屏好触摸好机外屏坏
4,点数系列,G610,G610,10,10,10,10,10,10,/,/
5,点数系列,6a,DLI,55,55,55,55,55,55,/,开机屏好触摸好机外屏坏
6,点数系列,荣耀6p,PE,22,22,22,22,22,22,/,开机屏好触摸好机外屏坏
1,点数系列,荣耀6,H60,22,22,22,22,22,22,/,开机屏好触摸好机外屏坏
2,点数系列,畅玩6,MYA,26,26,26,26,26,26,/,开机屏好触摸好机外屏坏
3,点数系列,畅享6S,DIG,55,55,55,55,55,55,/,开机屏好触摸好机外屏坏
4,点数系列,G6,G6,10,10,10,10,10,10,/,/
5,点数系列,P6,P6,10,10,10,10,10,10,/,/
6,点数系列,畅享5 海外版,TIT,20,20,20,20,20,20,/,/
1,点数系列,畅享5,TIT,26,26,26,26,26,26,/,屏好中框磕碰 花 电信版本
2,点数系列,5x移动,KIW-TL00,33,33,33,33,33,33,/,开机屏好触摸好机外屏坏
3,点数系列,5x全网,KIW-AL00,33,33,33,33,33,33,/,开机屏好触摸好机外屏坏
4,点数系列,5x电信,KIW-CL00,33,33,33,33,33,33,/,/
5,点数系列,5a移动,CAM-AL00,25,25,25,25,25,25,/,开机屏好触摸好机外屏坏
6,点数系列,5a全网,CAM-AL00,25,25,25,25,25,25,/,开机屏好触摸好机外屏坏
1,点数系列,畅玩5,CUN,22,22,22,22,22,22,/,开机屏好触摸好机外屏坏
2,点数系列,5x联通,KIW-UL00,33,33,33,33,33,33,/,开机屏好触摸好机外屏坏
3,点数系列,5s,TAG-AL00,30,30,30,30,30,30,/,开机屏好触摸好机外屏坏 屏算屏坏
4,点数系列,5c,NEM,40,40,40,40,40,40,/,/
5,点数系列,麦芒4电信,RIO,20,20,20,20,20,20,/,/
6,点数系列,麦芒4,RIO,50,50,50,50,50,50,/,开机屏好触摸好机外屏坏
1,点数系列,4a全网电信,SCL-AL00,18,18,18,18,18,18,/,/
2,点数系列,4c电信,CHM-CL00,25,25,25,25,25,25,/,详见备注
3,点数系列,4x (2g),Che2,25,25,25,25,25,25,/,开机屏好触摸好机外屏坏
4,点数系列,4x (che1全网),Che1,25,25,25,25,25,25,/,开机屏好触摸好机外屏坏
5,点数系列,4x (1g),Che1,25,25,25,25,25,25,/,开机屏好触摸好机外屏坏
6,点数系列,4c,CHM-AL00,25,25,25,25,25,25,/,开机屏好触摸好机外屏坏
1,点数系列,4a移动,SCL-TL00,18,18,18,18,18,18,/,开机屏好触摸好机外屏坏
2,点数系列,H30-u10,H30-t10,10,10,10,10,10,10,/,/
3,点数系列,H30-t00,H30-t00,10,/,10,10,10,10,/,/
4,点数系列,H30-t10,H30-u10,10,10,10,10,10,10,/,/
5,点数系列,H30,H30单卡,10,10,10,10,10,10,/,/
6,点数系列,Mate2,MT2,12,12,12,12,12,12,/,/
1,点数系列,Mate1,MT1,10,10,10,10,10,10,/,/
2,点数系列,A199,A199,10,10,10,10,10,10,/,/
3,点数系列,B199,B199,10,10,10,10,10,10,/,/
4,点数系列,C199,C199,20,20,20,20,20,20,/,/
5,点数系列,Gx1金色,SC,10,10,10,10,10,10,/,/
6,点数系列,Gx1白色,SC,10,10,10,10,10,10,/,/
7,点数系列,HOL,HOL,10,10,10,10,10,10,/,/
8,点数系列,C8812/C8813,C8812/C8813,10,10,10,10,10,10,/,/

